F:\final\feature\gallery\10_c2s2_000826_7.jpg,27,8,25,12,14,13,48,20,71,17,14,22,16,52,24,10,21,47,17,19,20,18,103,38,11,186,39,20,21,24,116,5,33,8,21,30,14,5,132,9,16,19,9,8,37,17,11,19,35,8,21,35,6,26,33,46,23,27,1,18,21,27,11,16,15,17,13,44,30,65,22,8,23,46,11,7,27,26,20,10,25,17,49,39,13,6,43,37,62,57,37,14,72,19,10,16,7,29,28,21
F:\final\feature\gallery\11_c3s3_000826_12.jpg,51,12,19,42,31,50,37,28,77,30,31,27,42,88,31,39,28,45,54,21,14,34,118,46,8,105,59,47,33,53,74,29,30,12,23,46,4,11,61,30,21,36,6,28,38,25,26,38,48,12,32,51,20,31,45,28,43,22,15,27,23,14,13,29,21,24,15,34,34,67,48,14,49,57,31,16,28,33,33,15,47,30,43,29,35,27,56,72,43,16,33,46,54,56,17,47,20,20,22,38
F:\final\feature\gallery\12_c2s2_000826_9.jpg,205,86,78,156,120,212,64,85,145,66,94,90,202,153,109,135,99,98,207,79,59,156,71,378,25,254,217,174,110,228,108,96,70,70,69,162,106,85,307,188,67,94,57,90,241,73,116,133,356,80,184,229,97,111,179,39,225,81,56,77,86,92,58,121,85,94,82,112,106,81,176,136,165,48,140,84,162,196,64,113,111,178,165,66,150,106,303,243,284,109,103,125,379,133,79,190,139,104,64,185
F:\final\feature\gallery\13_c3s3_000826_11.jpg,52,67,108,100,108,138,91,120,199,115,151,130,93,144,57,153,71,134,71,111,159,111,204,54,82,98,87,79,122,100,99,65,124,51,73,91,47,67,68,75,183,106,78,97,64,93,139,67,47,104,74,74,76,159,106,88,67,197,93,135,57,182,48,79,130,106,118,212,111,264,129,85,110,179,89,78,94,104,171,107,106,80,96,185,125,74,65,153,52,42,57,241,53,113,89,86,65,135,123,146
F:\final\feature\gallery\14_c2s2_000826_10.jpg,111,68,70,123,84,126,64,73,67,56,50,48,120,177,78,106,81,100,120,86,29,104,40,151,25,180,149,154,115,143,88,55,75,42,71,107,64,63,175,109,52,126,70,65,136,60,116,100,111,60,109,124,61,50,158,23,123,47,44,68,78,28,45,90,100,83,78,67,98,85,125,92,140,42,134,71,120,123,35,81,91,113,118,63,105,126,153,193,127,77,82,72,142,117,65,155,80,50,66,136
F:\final\feature\gallery\15_c2s2_000826_10.jpg,65,42,47,55,35,82,24,28,40,25,26,27,103,75,33,64,49,74,72,35,16,60,26,142,22,156,66,98,73,94,49,29,48,25,34,49,23,31,144,50,34,61,58,32,103,50,64,52,99,29,56,78,30,30,84,6,56,45,29,44,35,25,36,48,45,56,35,49,41,36,77,31,122,23,52,41,76,90,50,43,50,67,89,48,77,47,112,177,124,49,46,55,171,49,44,81,46,36,41,129
F:\final\feature\gallery\16_c2s2_000826_10.jpg,54,42,62,68,44,91,37,54,103,70,62,50,67,85,46,89,53,77,41,55,57,53,96,39,38,44,49,73,99,64,44,40,52,36,33,74,28,45,97,50,64,57,56,60,64,56,100,45,53,56,60,53,43,46,57,44,64,94,56,61,48,53,42,47,50,67,60,92,69,73,79,53,77,52,46,47,58,84,61,58,69,66,84,56,81,59,78,168,54,54,27,82,50,83,64,53,48,55,67,105
F:\final\feature\gallery\17_c3s3_000826_11.jpg,19,16,41,31,29,33,19,33,82,28,45,33,44,51,27,39,35,45,35,36,31,34,87,27,12,16,25,49,41,40,40,23,30,12,22,29,16,13,26,30,33,41,15,29,23,25,37,22,9,24,18,26,27,32,26,38,27,37,16,32,12,27,13,21,25,43,31,50,32,58,22,14,50,38,30,24,35,32,33,19,41,34,48,34,34,47,32,54,25,11,16,69,14,32,29,40,14,36,36,42
F:\final\feature\gallery\18_c2s2_000826_10.jpg,19,6,15,15,13,29,11,14,19,10,8,8,40,19,27,12,21,19,30,15,5,17,73,29,6,39,25,12,22,25,81,15,16,21,24,37,11,7,118,23,5,13,25,10,41,15,17,17,29,16,19,43,13,11,29,32,18,9,13,9,15,4,16,9,13,16,11,19,24,4,23,8,44,23,22,8,13,46,15,12,27,8,51,13,14,20,25,99,35,51,9,26,46,16,8,12,14,20,11,30
F:\final\feature\gallery\19_c3s3_000826_12.jpg,230,328,139,330,322,360,99,280,112,202,158,217,323,224,236,390,310,177,378,256,130,391,60,447,159,105,256,397,352,370,73,408,149,355,204,237,226,359,335,334,126,294,250,283,323,233,327,246,420,273,330,447,347,144,244,59,371,186,277,189,148,133,291,452,361,199,250,162,246,82,314,371,337,62,334,331,487,362,155,297,226,384,210,174,363,342,260,305,277,345,271,180,353,317,282,387,366,106,187,449
F:\final\feature\gallery\1_c2s2_000826_9.jpg,339,85,61,166,80,113,96,62,193,71,116,71,191,160,154,64,138,159,250,75,97,167,178,473,50,322,272,163,85,261,218,155,148,62,94,162,178,81,383,165,81,130,13,75,321,61,92,131,439,36,268,255,127,95,250,82,252,114,29,49,160,86,58,144,87,89,62,121,76,119,178,108,147,115,139,100,194,156,81,98,68,188,234,92,89,128,350,69,410,208,197,131,412,129,57,194,108,87,51,133
F:\final\feature\gallery\20_c3s3_000826_11.jpg,18,17,20,15,32,31,19,19,29,14,11,20,51,17,26,25,18,27,29,20,22,32,25,23,37,23,33,25,35,40,33,17,21,49,17,35,16,14,45,28,24,31,67,17,48,17,24,18,22,13,19,47,22,23,23,8,30,22,13,33,10,16,55,26,23,29,31,21,30,31,30,19,63,18,30,25,36,55,36,18,24,23,40,42,26,15,21,141,24,37,16,23,26,13,18,33,29,27,28,82
F:\final\feature\gallery\21_c3s3_000826_11.jpg,80,94,88,169,107,175,37,89,173,102,124,93,178,269,79,183,119,105,139,133,108,108,88,125,57,126,152,158,165,172,85,113,73,62,104,99,83,79,140,134,109,124,80,120,103,86,165,116,132,88,85,160,113,74,161,70,148,145,85,94,75,87,65,150,155,93,112,143,136,74,141,87,162,152,159,108,108,158,99,96,150,131,127,91,162,119,126,222,92,96,69,168,151,166,118,167,119,98,92,170
F:\final\feature\gallery\22_c2s2_000826_10.jpg,32,87,122,126,144,152,69,128,189,122,164,159,85,171,53,245,77,126,35,154,187,112,137,19,72,45,86,74,155,60,71,63,122,57,87,91,33,84,41,65,204,96,41,125,37,91,169,81,17,142,47,64,70,96,97,96,58,254,128,151,48,167,38,58,147,121,92,237,152,181,86,97,76,145,84,95,83,76,156,123,164,91,83,148,151,111,67,83,21,39,38,231,24,164,93,75,75,106,132,82
F:\final\feature\gallery\23_c3s3_000826_11.jpg,134,66,68,137,78,93,71,64,182,97,130,95,106,178,84,82,113,119,157,58,116,144,145,177,38,255,278,150,80,133,155,88,134,42,87,105,67,61,122,128,77,83,35,69,139,61,56,145,148,55,133,134,87,103,224,65,146,128,50,48,106,112,47,118,95,81,65,125,93,130,116,79,91,113,96,89,110,92,63,106,98,145,108,91,76,104,192,80,175,67,81,143,250,146,56,168,63,99,49,100
F:\final\feature\gallery\24_c3s3_000826_11.jpg,184,205,121,247,204,239,113,192,287,191,161,182,203,154,192,243,188,213,254,200,160,293,181,250,178,226,299,231,209,211,203,208,179,145,148,179,188,194,200,259,145,187,131,203,189,173,232,243,240,204,183,198,210,107,260,109,260,219,193,177,180,141,149,226,221,135,188,211,229,117,239,265,162,165,231,195,257,208,184,239,198,264,230,191,221,201,264,147,255,248,189,217,305,284,205,260,257,120,194,188
F:\final\feature\gallery\25_c2s2_000826_10.jpg,61,41,47,91,62,53,27,24,64,40,56,50,71,125,47,60,63,53,117,44,37,85,45,95,17,82,96,110,55,110,50,85,29,44,58,44,48,34,71,99,33,57,19,53,59,42,38,57,89,37,53,91,70,27,101,46,112,51,33,32,54,33,44,105,64,40,41,57,51,25,60,55,64,41,103,72,78,54,26,41,78,123,50,32,64,71,83,45,71,62,69,52,90,56,44,108,55,32,22,89
F:\final\feature\gallery\26_c3s3_000826_11.jpg,71,62,59,101,53,79,47,58,168,62,88,68,85,106,65,79,84,51,77,52,56,102,114,86,47,76,103,101,99,95,91,95,53,56,70,60,80,44,65,92,49,68,34,66,60,64,54,92,84,70,61,68,79,47,121,74,116,73,53,37,67,53,53,93,95,60,59,82,77,50,74,60,70,110,97,81,98,75,79,56,77,88,83,41,89,94,101,76,76,57,76,80,81,77,62,113,98,48,27,100
F:\final\feature\gallery\27_c3s3_000826_11.jpg,42,26,62,44,51,97,36,48,166,61,88,57,57,119,42,77,61,56,72,46,73,55,105,43,50,51,66,55,60,82,85,59,77,41,42,84,38,65,85,64,58,53,32,74,65,48,86,35,46,49,53,96,65,57,66,89,71,119,38,36,42,67,47,76,61,60,66,126,68,52,112,73,68,99,67,47,59,112,48,55,59,71,87,74,64,54,65,100,53,44,49,114,59,97,43,77,51,67,40,94
F:\final\feature\gallery\28_c3s3_000826_11.jpg,54,72,76,128,93,121,33,51,210,90,141,101,97,164,55,129,97,57,124,75,88,104,103,75,40,79,123,141,130,107,108,103,92,67,76,64,62,76,99,106,72,98,50,86,61,66,97,77,86,75,68,91,100,61,131,74,108,128,66,38,63,97,64,128,107,98,77,169,95,72,91,81,122,141,144,96,102,110,76,64,117,110,91,88,113,109,81,127,81,62,61,148,103,114,77,138,99,74,47,149
F:\final\feature\gallery\29_c3s3_000826_11.jpg,5,12,16,30,17,21,23,26,38,24,25,25,16,59,14,36,22,40,21,25,32,14,49,16,16,63,54,14,23,9,114,11,12,7,29,11,7,7,25,7,23,9,5,21,15,18,20,37,2,21,9,14,10,18,56,53,12,40,16,22,46,32,8,6,21,21,20,26,35,28,9,13,18,49,17,18,13,12,26,31,50,17,21,39,15,15,31,26,24,15,24,40,16,28,9,11,11,16,19,22
F:\final\feature\gallery\2_c3s3_000826_12.jpg,113,123,114,110,102,101,89,88,180,120,127,102,94,92,95,132,116,115,92,133,137,108,136,149,72,103,110,84,131,82,104,76,105,58,92,95,88,111,119,86,132,87,68,90,102,65,157,116,81,113,108,99,74,94,110,81,91,152,109,103,91,130,67,71,122,104,83,140,113,146,120,89,90,130,95,72,94,90,155,88,104,82,140,159,112,83,137,120,135,72,100,158,118,116,107,81,83,119,137,93
F:\final\feature\gallery\301_c2s2_000826_3.jpg,1,2,2,4,20,0,5,12,11,2,2,5,1,4,8,8,7,1,2,7,3,2,35,5,2,6,1,3,0,1,25,1,5,0,8,2,2,0,9,3,8,3,1,1,1,9,4,0,6,8,1,4,1,6,3,11,2,3,8,4,2,3,1,2,4,4,10,5,4,6,1,4,4,18,2,2,4,3,4,3,10,1,2,5,1,5,5,3,17,2,1,12,5,3,2,2,4,4,3,2
F:\final\feature\gallery\302_c2s2_000826_19.jpg,13,3,11,6,5,6,2,9,45,10,8,5,12,18,14,5,9,12,10,7,16,6,28,8,6,64,28,9,6,10,108,3,22,4,11,8,7,2,15,4,12,4,3,6,14,8,10,11,12,9,9,11,3,25,22,15,10,25,7,6,22,15,8,2,6,9,7,29,15,11,8,2,8,19,4,2,6,14,13,4,13,7,26,17,5,3,22,16,27,2,6,18,15,13,12,8,3,25,5,7
F:\final\feature\gallery\303_c2s2_000826_21.jpg,51,137,132,159,135,321,17,137,128,105,53,107,208,222,71,250,110,58,122,169,70,135,115,56,62,65,96,165,301,137,100,128,54,153,70,134,26,143,170,117,72,114,263,142,81,120,286,88,88,142,72,186,135,110,103,83,129,74,138,112,74,63,128,164,201,188,173,145,154,37,187,130,410,100,125,144,154,302,87,135,136,128,124,83,341,139,46,704,66,66,37,147,71,147,150,130,162,95,102,378
F:\final\feature\gallery\304_c2s2_000826_22.jpg,23,22,70,49,55,113,13,49,111,58,40,48,84,91,28,60,46,42,48,38,37,51,93,28,18,43,68,71,60,101,85,57,28,36,46,76,11,31,55,55,16,54,39,61,36,40,89,34,18,46,41,93,67,54,68,53,63,42,20,24,35,47,40,47,59,68,42,90,66,36,115,42,93,65,50,41,54,129,21,41,64,70,66,35,65,55,38,198,37,17,13,96,51,68,46,68,27,53,13,121
F:\final\feature\gallery\305_c2s2_000826_10.jpg,83,490,253,327,406,535,55,452,260,294,184,304,287,300,176,647,282,139,233,473,222,287,170,107,261,72,208,353,580,266,90,330,142,363,263,184,111,467,188,312,119,294,705,368,162,314,625,280,128,540,148,302,389,191,222,113,248,202,529,346,150,218,319,372,595,307,395,254,345,76,342,403,531,130,346,394,304,419,188,392,338,311,177,208,606,362,90,737,111,187,99,283,129,341,386,260,483,187,350,472
F:\final\feature\gallery\306_c2s2_000826_24.jpg,58,70,92,128,98,105,29,75,148,114,110,99,103,204,66,142,99,54,101,63,112,114,98,74,49,85,163,102,105,98,102,84,53,54,99,71,54,79,56,96,68,69,57,110,49,64,124,128,73,106,68,85,69,84,160,75,105,133,83,65,91,83,42,91,108,100,77,125,131,27,70,65,93,122,118,87,75,82,74,97,105,128,110,66,105,84,84,107,82,29,58,123,68,107,95,115,68,108,75,100
F:\final\feature\gallery\307_c2s2_000826_10.jpg,144,192,124,191,215,230,103,158,203,141,147,147,231,113,210,217,192,117,222,184,133,231,141,195,151,65,182,214,190,240,99,221,144,214,150,150,202,198,222,220,99,178,128,192,181,128,199,172,192,184,188,284,243,133,170,90,205,140,190,141,130,140,215,235,173,164,189,207,194,87,231,265,223,141,185,228,239,225,156,174,178,205,190,162,186,196,157,143,151,268,175,205,151,192,208,217,197,122,130,200
F:\final\feature\gallery\308_c2s2_000826_23.jpg,54,58,68,93,82,106,16,67,176,58,67,53,89,164,51,120,74,36,56,78,52,89,125,39,38,24,56,84,105,77,63,55,50,46,50,88,37,64,71,54,47,49,56,96,72,62,133,43,37,69,51,75,67,51,66,47,74,67,66,60,23,42,34,48,103,80,83,121,81,88,110,74,117,98,70,63,66,93,61,57,77,90,100,58,117,77,61,132,43,32,41,110,46,83,76,69,64,55,53,86
F:\final\feature\gallery\309_c2s2_000826_10.jpg,58,25,34,62,40,31,49,35,60,40,30,34,40,129,29,50,31,25,57,34,41,67,103,109,7,122,109,49,38,37,141,31,21,7,45,33,26,18,26,51,21,34,3,47,42,32,32,64,68,22,39,53,25,26,108,66,69,37,31,27,79,49,5,43,47,32,16,44,53,25,25,15,32,65,54,32,40,25,19,31,59,65,36,9,40,45,94,25,99,14,56,38,69,57,16,57,31,29,27,56
F:\final\feature\gallery\310_c2s2_000826_19.jpg,53,15,24,53,29,44,49,29,92,16,41,27,42,118,21,41,43,52,79,39,31,60,143,80,25,103,118,69,32,56,79,35,27,4,27,35,24,18,34,52,23,33,2,42,38,36,23,54,74,19,34,55,22,30,118,51,73,62,16,20,79,35,11,64,40,33,24,55,47,83,31,25,43,91,71,56,54,19,16,52,50,50,41,22,36,38,91,29,81,12,55,57,75,74,23,63,17,23,19,68
F:\final\feature\gallery\311_c2s2_000826_5.jpg,181,107,176,201,185,175,107,110,288,224,200,212,173,288,141,174,169,181,298,119,249,277,166,293,86,227,289,244,195,249,187,184,154,122,152,185,162,124,235,274,155,140,67,223,226,108,197,250,292,127,179,266,169,248,315,102,272,277,104,156,247,236,95,205,135,191,170,260,240,171,227,155,198,158,216,157,234,215,181,192,222,220,213,213,170,164,287,209,256,129,173,227,263,223,175,261,144,274,165,186
F:\final\feature\gallery\312_c2s2_000826_17.jpg,12,10,31,33,23,34,19,32,73,20,34,22,27,102,7,38,15,24,24,29,23,15,77,16,19,24,30,25,58,23,60,16,23,9,24,28,4,13,24,18,28,18,16,29,20,23,43,25,5,24,12,27,13,43,37,53,21,35,18,31,20,34,8,16,31,49,37,49,35,22,32,7,51,40,19,13,22,56,21,25,36,24,38,25,41,15,16,93,17,12,5,58,17,28,25,11,11,33,23,47
F:\final\feature\gallery\313_c2s2_000826_12.jpg,30,24,77,65,48,71,19,59,102,48,56,55,64,122,21,95,65,49,65,56,48,63,59,45,17,94,80,72,91,75,91,29,32,12,36,50,13,28,36,46,43,58,14,64,51,41,100,55,44,45,35,41,25,71,60,18,68,52,25,74,35,54,13,43,63,108,45,98,59,45,47,35,89,41,50,34,75,61,48,40,76,58,57,35,101,53,59,150,68,17,20,95,40,51,50,56,28,56,52,95
F:\final\feature\gallery\314_c2s2_000826_25.jpg,59,30,42,84,32,57,25,34,67,36,19,30,54,164,35,54,61,22,78,43,23,74,62,111,13,69,121,75,70,71,79,54,19,18,51,44,31,25,50,66,27,32,11,61,48,47,67,52,75,33,45,68,35,34,111,39,114,28,32,32,65,16,13,74,59,37,38,55,55,46,66,36,50,38,66,42,62,50,23,71,59,79,50,28,59,54,101,55,93,13,61,38,89,95,39,65,29,33,22,90
F:\final\feature\gallery\315_c2s2_000826_13.jpg,21,12,34,40,30,18,23,30,74,24,23,23,23,102,6,31,23,22,20,17,26,30,165,23,6,95,49,27,43,26,109,13,11,0,24,25,10,7,19,17,15,30,5,20,18,27,29,39,17,12,13,19,10,22,56,61,22,30,19,15,27,23,2,13,18,23,13,53,35,22,16,12,43,40,24,9,12,26,11,16,43,20,35,11,29,23,31,43,32,8,22,44,19,28,16,35,17,26,12,41
F:\final\feature\gallery\316_c2s2_000826_15.jpg,33,13,11,14,19,19,10,17,60,23,27,22,17,17,13,23,24,21,27,18,17,28,53,38,2,40,46,15,17,23,64,11,20,5,24,19,19,9,28,14,15,11,1,18,26,17,10,17,34,10,19,23,18,11,34,33,33,15,11,16,31,17,3,14,14,22,14,21,28,11,16,11,13,24,22,20,21,19,22,10,26,22,22,21,20,12,48,16,57,15,21,24,47,20,13,32,15,15,16,16
F:\final\feature\gallery\317_c2s2_000826_8.jpg,45,2,21,12,12,19,43,11,60,18,5,11,23,10,19,10,26,26,37,13,16,17,65,73,5,63,35,31,14,34,89,14,22,9,20,24,19,5,87,28,19,15,1,8,62,13,5,14,59,5,18,39,13,23,38,31,32,12,6,9,27,11,3,15,14,12,8,17,17,23,19,5,31,33,21,10,23,32,17,7,18,21,36,16,17,13,40,19,72,24,26,24,75,18,1,26,12,27,9,39
F:\final\feature\gallery\318_c2s2_000826_21.jpg,4,5,2,4,11,2,10,8,11,0,0,0,5,4,5,2,8,8,1,8,2,1,13,4,2,9,2,2,2,1,35,0,13,1,5,4,1,5,7,2,12,9,2,5,8,8,3,1,2,5,2,5,6,1,1,7,3,4,3,6,2,0,2,0,5,0,5,5,6,14,1,5,1,13,1,0,2,3,2,5,5,1,8,5,1,1,2,8,7,3,8,4,3,6,6,0,4,3,8,8
F:\final\feature\gallery\319_c2s2_000826_11.jpg,36,14,17,40,23,16,12,29,43,19,21,18,15,91,17,42,35,25,40,23,15,23,80,43,10,78,77,24,23,26,125,8,12,3,38,17,10,11,13,36,13,11,2,34,17,24,22,45,36,16,12,20,14,14,57,73,39,16,21,9,66,19,6,16,34,22,18,10,49,20,17,15,18,52,30,17,17,16,17,27,48,37,21,20,14,17,56,13,51,8,22,26,36,32,17,44,13,11,21,17
F:\final\feature\gallery\320_c2s2_000826_12.jpg,22,7,7,25,9,4,18,9,22,9,11,7,6,56,6,15,15,14,27,11,7,5,38,50,7,73,51,13,5,17,61,6,8,1,13,9,8,3,49,22,14,9,0,9,22,15,0,9,47,10,8,32,9,5,50,15,25,11,4,9,23,8,3,15,16,8,7,9,15,12,17,8,9,26,18,8,12,10,7,8,24,23,3,6,4,9,47,5,72,11,11,9,67,32,6,16,2,12,5,13
F:\final\feature\gallery\321_c2s2_000826_14.jpg,1,5,0,2,12,0,1,8,0,0,1,2,0,0,0,4,7,3,0,6,1,3,6,2,0,13,6,0,1,3,28,0,0,0,10,1,1,3,3,2,1,4,0,2,1,6,1,2,2,6,1,1,2,0,3,8,1,0,5,3,4,0,1,0,2,0,0,0,9,2,0,1,2,2,2,1,1,1,1,3,8,1,0,2,0,1,0,0,13,0,0,0,3,1,0,0,0,0,6,0
F:\final\feature\gallery\322_c2s2_000826_4.jpg,78,42,81,86,67,70,33,48,112,67,48,50,99,116,60,63,92,76,138,66,76,96,50,166,13,184,128,123,74,123,113,92,38,28,60,60,41,24,108,101,20,57,6,61,98,38,64,98,199,35,91,98,57,59,174,60,106,33,37,47,84,57,23,73,42,60,50,87,104,19,84,49,73,57,125,57,76,65,55,46,80,100,73,50,72,77,129,47,162,64,71,76,164,92,45,116,44,77,30,67
F:\final\feature\gallery\323_c2s2_000826_13.jpg,31,17,39,70,34,57,17,28,87,38,26,34,57,223,23,71,30,24,48,35,25,37,41,40,8,38,74,44,57,40,65,28,24,8,32,37,14,14,57,43,16,25,4,30,26,23,52,39,51,14,24,57,29,57,72,39,33,18,18,27,46,25,14,28,38,49,14,52,55,17,45,26,95,39,26,29,30,62,24,33,63,49,60,30,59,23,33,144,56,13,16,66,63,57,26,45,26,39,25,101
F:\final\feature\gallery\324_c2s2_000826_1.jpg,70,18,42,67,22,26,50,25,167,31,42,41,37,134,28,26,36,54,57,15,45,32,138,129,22,204,109,37,21,54,115,19,52,9,37,45,18,14,70,41,35,27,4,27,80,24,29,34,94,14,53,52,20,45,89,49,58,50,13,18,48,42,7,30,32,37,13,84,39,79,40,24,42,102,36,17,31,36,49,19,29,56,65,51,15,18,141,46,168,36,57,90,178,68,17,58,18,49,15,51
F:\final\feature\gallery\325_c2s2_000826_17.jpg,75,17,40,56,32,52,59,38,84,34,29,26,92,73,39,36,52,55,57,41,42,32,179,80,24,163,96,45,49,57,158,20,34,22,56,81,27,21,132,35,40,29,17,41,80,31,52,71,59,19,31,77,24,28,72,71,52,36,20,30,64,23,14,30,41,36,32,47,45,76,77,25,78,74,40,20,46,72,35,47,46,37,78,48,53,33,69,91,105,32,48,59,112,54,25,46,30,34,25,65
F:\final\feature\gallery\326_c2s2_000826_23.jpg,45,21,28,17,22,43,50,20,69,23,31,16,31,54,30,34,25,47,51,19,40,35,102,66,17,138,68,33,18,39,102,16,21,20,27,34,21,25,128,28,22,12,7,19,61,19,22,32,81,14,35,75,19,32,61,60,26,32,14,17,40,32,17,12,16,31,26,69,33,49,44,35,42,51,30,18,36,33,27,22,38,44,59,27,14,17,77,43,107,52,32,76,114,38,15,36,15,45,15,30
F:\final\feature\gallery\327_c2s2_000826_12.jpg,7,5,2,12,8,3,8,12,30,6,6,3,2,29,7,5,7,8,8,7,3,7,33,12,1,22,7,4,2,8,32,2,11,0,7,0,2,8,14,2,11,6,3,4,24,13,5,6,3,12,4,6,6,1,4,11,4,11,8,8,2,8,0,6,6,2,5,14,12,9,4,4,6,10,5,2,7,1,4,8,8,5,2,4,3,5,12,2,23,6,18,15,14,10,4,3,5,5,11,2
F:\final\feature\gallery\328_c2s2_000826_11.jpg,69,5,18,36,8,8,38,24,83,11,14,12,32,55,26,15,27,38,38,16,14,18,123,53,5,175,72,15,7,25,136,13,32,10,24,35,20,4,180,8,19,15,0,9,78,11,6,31,48,1,31,43,8,18,62,65,21,17,5,7,58,7,7,6,23,10,14,17,30,45,24,11,24,37,6,12,17,23,19,23,24,20,56,16,8,13,82,16,91,48,28,25,112,27,20,25,8,23,7,17
F:\final\feature\gallery\329_c2s2_000826_12.jpg,53,13,21,55,20,25,28,19,106,27,28,18,40,91,33,38,45,39,68,12,20,31,87,144,14,177,102,51,14,53,98,29,52,13,33,29,31,13,91,47,31,16,7,34,87,29,22,49,105,6,54,78,21,24,99,51,70,36,18,24,48,24,11,35,25,22,34,45,44,25,34,25,43,52,46,22,41,50,31,26,52,38,56,29,26,40,119,48,156,41,34,41,159,60,26,46,18,34,23,40
F:\final\feature\gallery\32_c2s2_000826_10.jpg,0,7,0,2,6,0,4,12,2,1,1,1,1,6,0,2,2,2,2,8,1,0,8,5,4,22,1,0,2,1,10,1,2,2,1,0,0,4,3,1,2,3,1,0,1,10,0,0,0,7,4,1,3,0,0,1,1,4,4,3,0,0,2,2,3,0,2,0,3,8,2,2,0,0,0,1,1,0,1,0,2,0,0,2,1,1,3,0,13,6,7,0,4,2,2,1,2,0,7,3
F:\final\feature\gallery\330_c2s2_000826_14.jpg,11,9,13,12,20,13,16,17,38,12,34,14,6,30,9,22,13,10,13,10,22,13,114,4,10,21,17,4,8,8,47,7,5,1,20,8,4,8,8,9,15,7,1,10,12,12,7,7,4,12,3,5,7,22,14,23,5,22,10,13,6,26,1,4,13,14,9,33,24,34,7,6,8,43,5,3,6,3,8,10,16,5,10,8,7,4,18,7,13,6,6,37,10,12,7,16,4,17,11,14
F:\final\feature\gallery\331_c2s2_000826_22.jpg,30,18,51,44,40,56,12,47,68,22,13,25,41,96,12,75,32,23,43,54,18,27,93,44,15,88,45,43,73,35,124,26,34,15,36,28,5,26,63,36,24,37,15,48,41,33,71,45,22,32,17,32,34,48,60,61,46,30,27,29,46,28,14,23,53,49,28,69,58,57,59,25,59,69,41,14,37,42,25,41,53,35,46,24,45,36,44,87,53,6,17,46,50,47,31,28,16,43,21,53
F:\final\feature\gallery\332_c2s2_000826_24.jpg,39,16,40,43,29,46,25,19,56,37,27,18,38,90,23,54,41,37,53,20,34,49,36,61,9,43,61,62,34,53,60,31,22,9,30,27,20,16,44,55,20,34,7,41,35,38,35,20,54,21,35,57,27,31,58,36,67,43,12,21,40,31,14,48,30,43,18,44,47,19,39,30,44,40,55,30,34,43,19,17,44,36,31,29,26,31,48,38,61,18,36,33,80,67,16,42,20,33,18,54
F:\final\feature\gallery\333_c2s2_000826_13.jpg,80,32,75,56,58,52,36,28,137,48,59,55,81,83,42,63,71,58,108,30,78,70,83,126,22,106,104,88,48,94,112,57,44,35,53,73,54,44,133,79,42,47,25,57,117,23,48,57,135,33,77,112,54,103,94,43,88,61,30,33,61,90,34,61,46,78,50,93,67,41,72,49,75,64,71,39,63,75,34,44,62,81,89,36,49,55,104,65,112,69,50,119,134,67,55,77,52,97,35,95
F:\final\feature\gallery\334_c2s2_000826_18.jpg,25,15,22,39,28,29,17,24,83,26,36,20,21,60,18,39,28,35,37,19,32,21,103,25,22,80,51,34,45,29,105,13,30,12,28,31,9,14,49,19,28,18,10,19,37,19,42,31,24,18,23,23,17,29,51,39,34,27,21,29,38,35,11,22,35,28,23,42,47,45,30,14,34,60,22,15,22,32,33,22,49,22,46,29,38,16,49,36,50,18,33,32,51,38,24,28,25,23,21,34
F:\final\feature\gallery\335_c2s2_000826_21.jpg,89,17,35,31,22,41,30,20,183,38,53,35,50,24,37,16,37,32,83,22,54,52,179,107,14,77,61,41,27,76,98,37,101,21,26,48,38,16,75,45,37,33,6,26,104,27,20,31,74,10,36,83,29,46,39,45,71,42,12,17,53,54,21,40,12,48,20,67,15,72,40,34,53,87,52,33,47,69,60,23,22,49,90,56,24,36,82,20,112,43,50,78,102,24,24,53,22,50,13,48
F:\final\feature\gallery\336_c2s2_000826_16.jpg,140,109,153,177,117,141,123,111,258,200,173,157,122,127,187,168,148,150,171,115,220,159,170,113,128,148,228,151,153,146,133,139,152,119,142,131,140,113,86,155,130,121,91,133,115,91,176,190,124,124,137,150,145,170,200,103,144,245,144,128,205,185,101,141,168,165,148,237,152,111,158,149,142,154,126,139,152,147,176,152,175,140,187,202,125,144,168,165,113,105,127,215,128,184,145,157,142,187,124,152
F:\final\feature\gallery\337_c2s2_000826_10.jpg,182,57,124,125,80,109,79,69,265,128,133,86,174,123,150,91,111,120,143,67,166,100,246,235,57,218,167,110,112,177,192,91,166,94,104,184,137,67,331,134,120,94,27,73,192,73,92,125,200,57,150,188,65,190,187,64,126,180,51,90,119,163,78,95,84,96,100,208,110,180,148,95,136,147,107,70,104,166,145,74,93,100,227,170,111,82,238,88,262,190,120,192,296,114,87,139,114,191,73,103
F:\final\feature\gallery\338_c2s2_000826_21.jpg,62,110,89,178,150,193,26,136,219,95,124,118,131,211,58,226,111,65,96,142,115,145,138,73,45,90,119,165,177,104,127,96,61,51,68,89,55,114,59,123,53,93,85,149,56,97,164,142,82,143,72,129,112,78,138,125,158,101,123,97,93,97,51,131,179,102,94,168,187,26,127,115,142,131,151,102,124,114,76,127,158,141,107,57,198,123,88,106,74,36,44,169,74,144,85,135,122,94,82,120
F:\final\feature\gallery\339_c2s2_000826_19.jpg,2,1,4,1,1,1,2,8,0,1,0,4,3,26,1,8,10,6,3,16,0,4,16,0,1,46,14,3,2,1,83,2,1,0,10,1,0,1,2,1,3,1,0,2,1,5,2,12,4,2,0,0,2,3,16,38,2,3,1,2,20,2,0,0,4,8,1,2,12,0,3,0,4,3,2,3,0,1,1,8,16,4,3,1,0,1,1,7,9,0,0,5,5,9,1,0,1,1,3,5
F:\final\feature\gallery\33_c2s2_000826_10.jpg,15,8,15,18,11,9,34,35,40,18,28,19,3,48,11,16,11,27,10,10,26,13,75,21,19,134,24,12,5,5,153,3,20,3,10,2,7,9,6,6,22,21,4,10,10,19,9,19,3,8,9,4,6,23,12,34,14,40,8,21,27,34,3,4,17,9,9,37,17,46,5,3,3,29,7,7,13,0,21,11,16,6,14,23,1,11,26,5,31,8,44,21,15,15,6,6,6,26,19,8
F:\final\feature\gallery\340_c2s2_000826_1.jpg,3,7,17,14,6,7,5,17,78,17,14,10,14,16,13,19,18,12,9,10,23,8,56,12,6,23,9,7,20,10,71,3,6,4,9,13,3,4,14,7,9,3,2,8,6,17,16,8,2,13,3,5,5,13,9,52,5,9,15,12,15,16,2,6,15,10,9,24,20,11,8,5,4,46,7,5,4,6,17,7,23,6,17,15,13,6,14,10,16,8,8,21,10,13,5,12,4,10,8,8
F:\final\feature\gallery\341_c2s2_000826_13.jpg,19,15,28,20,21,36,32,21,55,16,17,24,21,29,20,16,21,16,32,28,10,16,75,35,12,55,24,18,39,29,63,6,18,17,29,34,8,18,94,21,17,20,10,18,30,19,29,15,28,21,8,39,11,18,28,36,21,19,16,20,17,17,13,14,18,28,32,42,28,29,33,13,39,49,24,6,15,32,27,17,26,17,83,31,35,13,30,76,49,14,7,43,44,24,22,24,18,13,11,35
F:\final\feature\gallery\342_c2s2_000826_16.jpg,1,6,11,3,7,9,13,12,24,9,5,6,9,2,7,16,7,6,5,6,8,2,55,5,0,11,10,4,9,6,30,4,6,0,4,15,2,4,14,3,6,7,2,5,6,13,9,5,2,12,1,8,3,12,11,23,6,9,14,12,5,11,1,4,3,10,7,15,11,6,5,1,10,27,4,1,5,5,13,7,18,2,9,12,5,4,2,32,12,4,4,23,5,8,5,4,4,10,10,9
F:\final\feature\gallery\343_c2s2_000826_24.jpg,42,89,69,124,126,86,33,114,73,78,67,79,74,121,69,189,90,61,52,110,73,94,47,38,67,88,103,80,129,39,103,57,55,36,83,60,42,92,24,61,47,67,34,85,38,83,127,91,32,139,28,48,66,58,94,88,36,96,127,93,95,71,25,65,124,64,82,83,150,20,87,81,55,57,82,57,53,63,55,101,156,81,68,63,113,81,74,46,48,16,62,73,51,129,90,53,66,54,108,63
F:\final\feature\gallery\344_c2s2_000826_9.jpg,296,79,77,96,94,109,78,68,128,72,54,79,185,64,161,74,96,135,166,71,84,111,145,502,41,364,187,127,129,216,220,85,106,86,82,212,147,74,561,142,84,97,77,81,311,63,141,113,386,75,192,243,79,91,181,44,166,83,57,70,112,72,81,66,57,75,118,103,84,97,185,107,164,71,124,50,116,171,90,92,73,116,265,103,118,79,347,173,483,240,148,105,470,110,93,126,88,78,71,119
F:\final\feature\gallery\345_c2s2_000826_4.jpg,96,20,41,45,17,24,34,17,77,29,29,35,64,30,40,18,31,67,70,24,40,38,90,144,6,148,63,51,21,70,107,20,34,26,16,45,48,9,192,40,41,45,16,15,113,21,18,42,150,14,63,69,23,52,79,24,54,35,13,13,24,38,30,27,18,30,21,82,37,79,25,12,57,37,31,26,47,47,42,12,27,31,87,44,26,39,174,36,169,83,63,45,186,25,18,52,33,55,19,36
F:\final\feature\gallery\346_c2s2_000826_12.jpg,46,4,29,16,15,12,12,15,18,18,16,10,30,11,27,9,34,18,64,5,20,32,32,76,4,48,41,29,6,52,49,31,12,13,26,35,20,6,93,33,7,17,1,15,73,17,9,16,63,11,32,76,17,12,41,29,31,14,8,6,22,7,19,26,8,18,17,41,16,12,24,15,30,24,25,24,22,31,6,11,18,19,43,10,8,18,44,7,72,55,17,18,62,16,12,32,12,31,7,21
F:\final\feature\gallery\347_c2s2_000826_22.jpg,21,27,36,44,33,53,26,38,68,21,26,23,31,68,18,44,31,26,32,29,29,27,171,28,22,47,46,35,57,37,122,20,23,14,36,25,3,24,22,28,35,27,13,27,20,31,60,35,18,21,12,33,21,32,38,42,25,35,28,26,24,24,17,15,48,32,31,39,44,60,41,25,64,44,34,20,38,52,31,25,24,26,49,37,35,26,28,98,34,15,20,49,33,54,25,26,16,29,29,67
F:\final\feature\gallery\348_c2s2_000826_10.jpg,38,2,26,14,20,31,26,16,45,18,14,18,20,23,26,15,29,26,48,13,11,23,43,89,6,37,41,19,7,43,100,22,11,16,31,32,24,8,70,36,16,30,5,16,35,15,11,13,61,11,30,64,18,19,36,36,48,19,5,12,31,13,13,16,13,12,20,32,21,10,33,18,21,35,28,11,21,42,10,11,21,40,32,12,7,17,61,13,72,35,21,24,71,35,12,18,5,15,11,29
F:\final\feature\gallery\349_c2s2_000826_10.jpg,201,745,257,488,649,591,193,715,215,446,380,477,382,199,412,832,463,215,400,729,398,491,246,288,620,98,243,505,695,386,96,569,268,502,434,273,325,762,369,425,331,485,639,451,254,488,634,448,263,828,323,413,610,251,286,181,374,447,824,516,307,434,496,503,796,298,566,275,498,162,484,690,462,227,543,623,485,435,512,612,427,426,275,430,604,545,230,423,170,414,318,297,260,546,573,418,707,248,624,423
F:\final\feature\gallery\34_c3s3_000826_12.jpg,1,3,2,4,5,4,3,10,2,4,2,4,2,5,2,5,5,6,4,3,2,2,5,2,2,2,1,2,5,1,19,3,2,0,4,3,0,5,1,6,7,4,1,4,0,6,9,0,0,8,0,6,4,0,2,5,2,5,3,4,3,4,0,0,6,1,2,2,8,6,4,1,1,5,1,0,5,1,0,1,11,0,2,6,2,1,4,5,7,0,2,3,2,5,2,1,4,2,7,7
F:\final\feature\gallery\350_c2s2_000826_25.jpg,138,162,84,90,110,122,57,123,165,93,85,119,126,34,133,106,119,62,123,120,104,108,131,150,206,53,80,116,157,166,69,125,105,212,94,129,146,162,202,125,73,133,255,71,185,95,170,78,182,162,119,204,151,106,66,35,116,107,141,107,53,103,191,131,135,104,159,126,72,58,149,184,180,73,145,128,147,199,138,108,74,133,149,121,123,106,102,193,175,223,80,120,138,108,163,126,158,93,101,158
F:\final\feature\gallery\351_c2s2_000826_1.jpg,556,1094,352,601,780,611,549,700,270,685,610,638,733,126,878,605,739,429,727,815,611,867,570,574,1246,150,485,765,697,768,182,991,659,1212,617,548,1099,1064,670,785,716,820,741,597,633,631,616,836,756,769,741,902,843,276,543,205,757,793,893,759,567,544,1195,1001,660,376,883,354,571,388,716,1215,668,387,849,907,913,759,885,864,467,784,638,987,625,763,477,389,391,1199,761,383,564,623,936,913,1298,326,796,497
F:\final\feature\gallery\352_c2s2_000826_5.jpg,373,741,202,304,458,383,397,391,154,418,354,396,461,53,672,342,417,356,468,418,409,432,544,414,1137,64,220,417,370,630,86,717,609,1188,367,388,967,746,719,496,551,602,516,330,527,409,396,430,570,517,571,705,550,169,272,100,355,509,490,505,249,337,1137,642,345,195,681,176,328,390,437,904,503,241,479,522,628,659,729,465,249,438,379,829,344,481,301,288,256,1409,511,167,329,368,678,447,1049,181,549,351
F:\final\feature\gallery\353_c2s2_000826_10.jpg,87,283,154,174,226,322,83,123,66,183,155,183,208,95,167,275,212,98,189,190,125,234,99,154,383,35,120,258,255,305,27,398,136,480,140,171,178,285,228,241,159,260,406,201,158,170,306,137,169,317,183,315,411,102,118,31,220,193,235,158,88,139,542,301,309,161,327,145,240,95,282,304,283,57,283,284,299,310,162,175,176,211,159,178,249,273,105,390,102,326,132,142,130,201,314,239,306,98,162,313
F:\final\feature\gallery\354_c2s2_000826_9.jpg,145,124,133,163,148,132,123,58,154,168,150,175,238,89,215,130,207,142,337,84,141,213,151,270,181,82,175,199,134,256,69,290,153,374,138,185,202,102,334,213,133,199,64,119,228,92,105,128,261,116,187,341,226,99,194,40,204,187,104,87,86,101,400,360,113,139,292,207,177,95,129,186,232,90,170,230,219,262,191,93,141,207,194,170,138,176,198,76,192,462,135,153,255,123,269,296,218,140,74,177
F:\final\feature\gallery\355_c2s2_000826_6.jpg,454,1480,426,1034,1008,1128,530,1035,162,735,440,753,883,344,755,1227,874,493,882,1150,551,995,268,719,932,156,477,1112,1075,1069,133,1197,445,1371,741,529,785,1350,998,1088,538,1077,1192,788,631,893,939,824,776,1105,898,1118,1200,351,551,157,958,577,1112,782,463,546,1331,1240,1173,478,945,264,814,285,1033,1605,984,227,994,1213,1257,996,592,1070,675,1019,423,693,1068,1013,452,775,446,1247,823,336,703,951,1001,1051,1634,362,888,1036
F:\final\feature\gallery\356_c2s2_000826_17.jpg,159,438,200,343,411,357,111,355,135,246,204,259,292,179,241,458,254,186,249,414,229,291,116,196,341,133,220,356,399,273,156,351,153,344,225,214,192,427,193,310,156,298,480,276,168,257,351,322,193,420,246,303,331,149,260,102,258,225,429,270,184,233,385,360,409,213,360,214,326,55,280,389,311,133,327,357,324,253,238,292,277,267,202,208,418,336,157,330,171,240,174,217,178,320,367,306,454,170,283,318
F:\final\feature\gallery\357_c2s2_000826_11.jpg,422,365,258,285,281,275,320,173,317,396,326,341,323,89,430,217,373,289,506,211,450,469,340,531,415,149,315,439,252,478,182,486,401,604,281,324,619,342,460,493,386,330,201,264,390,223,204,385,624,230,503,504,424,286,336,90,455,511,198,277,328,411,485,546,237,215,352,291,251,331,309,511,277,245,443,453,506,344,387,341,205,460,361,438,235,407,395,126,391,709,524,285,498,313,357,559,567,346,277,285
F:\final\feature\gallery\358_c2s2_000826_8.jpg,237,427,213,271,283,400,187,269,169,250,179,272,307,89,261,312,232,201,257,238,220,279,239,311,387,123,163,271,374,352,119,337,256,551,203,275,381,407,670,275,193,340,686,223,354,198,438,213,356,392,347,387,359,186,194,72,236,225,345,244,155,218,511,289,352,230,436,229,227,167,339,405,488,148,303,351,372,488,258,260,194,273,284,264,340,261,251,700,294,798,253,222,312,255,391,276,390,219,238,369
F:\final\feature\gallery\359_c2s2_000826_10.jpg,2,1,2,12,5,3,14,15,5,4,3,2,2,39,2,12,9,11,2,10,6,1,51,1,4,62,18,5,1,2,81,0,2,3,29,0,0,0,5,3,6,4,0,3,0,4,1,23,1,4,1,2,1,2,24,44,2,3,5,9,28,5,0,0,10,1,2,1,14,5,1,1,3,21,1,0,2,0,12,9,26,1,1,7,1,4,1,5,7,2,4,2,2,12,3,2,1,1,5,2
F:\final\feature\gallery\35_c2s2_000826_10.jpg,1,3,0,3,8,2,3,13,1,2,0,2,0,16,0,11,8,7,1,8,3,0,7,1,2,0,3,1,2,0,4,1,1,0,5,0,1,3,4,3,1,2,1,2,0,17,2,0,1,6,1,2,4,1,1,5,1,2,4,4,1,0,1,2,1,1,2,3,11,5,1,3,2,4,1,2,1,1,0,2,7,2,0,1,0,1,1,4,12,4,1,1,3,5,4,0,1,0,8,2
F:\final\feature\gallery\360_c2s2_000826_6.jpg,4,4,1,5,13,3,7,17,8,3,1,3,3,7,2,7,11,8,3,5,6,2,17,6,3,103,13,2,1,1,44,2,1,0,8,3,1,2,0,3,5,4,0,1,0,14,2,4,2,4,1,1,2,3,15,26,3,6,4,7,12,6,0,2,9,3,2,4,13,14,0,3,1,14,1,2,2,3,5,5,17,2,4,8,0,2,6,3,15,0,6,4,8,5,0,0,1,1,2,0
F:\final\feature\gallery\361_c2s2_000826_8.jpg,5,6,1,18,11,1,27,14,21,7,12,11,7,55,6,18,14,16,6,5,9,3,59,17,6,34,18,2,4,8,62,1,28,2,9,6,1,5,7,3,31,8,1,1,9,16,2,24,3,5,10,4,3,13,18,35,7,19,4,15,14,5,0,2,3,5,9,17,21,19,0,7,5,25,2,5,6,3,18,6,31,1,12,17,2,5,31,13,8,5,10,14,10,14,8,1,5,5,16,5
F:\final\feature\gallery\362_c2s2_000826_7.jpg,29,22,36,30,15,15,18,26,72,18,15,23,56,56,25,15,29,24,28,28,36,14,110,27,15,137,49,28,28,26,69,13,41,11,15,36,10,10,60,19,23,35,31,14,46,18,37,42,13,13,21,31,15,56,45,53,14,37,15,26,30,26,12,5,9,55,13,78,26,58,31,6,55,60,21,6,23,41,45,15,21,15,59,59,35,18,33,176,63,24,17,70,43,25,20,24,12,52,32,54
F:\final\feature\gallery\363_c2s2_000826_22.jpg,4,8,4,10,13,3,3,9,8,1,2,2,5,11,2,13,5,3,0,2,0,2,20,0,1,3,6,4,3,0,51,2,2,3,3,2,1,1,1,0,6,1,1,2,3,10,6,2,0,4,2,3,0,5,5,12,10,3,3,12,8,1,1,0,4,5,4,11,5,2,2,1,3,16,1,0,3,2,8,1,5,2,7,5,4,2,7,25,9,1,2,3,1,5,5,2,2,2,4,5
F:\final\feature\gallery\364_c2s2_000826_25.jpg,96,254,238,248,264,314,138,306,324,303,398,260,169,219,121,381,204,185,125,347,337,280,317,78,222,103,161,185,335,154,175,229,224,105,191,128,117,269,68,178,200,226,174,245,107,221,338,256,60,413,151,118,206,213,185,155,176,452,365,242,231,373,107,205,367,234,203,384,261,296,214,213,202,284,238,256,212,137,239,319,268,206,175,290,292,193,162,179,147,65,159,347,65,260,189,195,204,211,259,233
F:\final\feature\gallery\365_c2s2_000826_7.jpg,406,202,151,328,176,269,301,187,332,162,215,193,370,307,301,225,258,328,354,206,170,253,624,468,142,615,486,376,293,335,583,238,221,184,216,332,262,192,569,264,186,220,189,183,335,135,222,368,477,156,394,336,228,192,430,159,344,212,139,145,319,220,167,267,244,197,139,231,200,466,321,268,354,242,284,228,293,276,230,226,204,306,363,232,239,225,425,388,673,366,283,217,651,298,126,391,251,155,177,378
F:\final\feature\gallery\366_c2s2_000826_23.jpg,216,104,110,169,94,154,145,104,237,96,139,102,198,180,139,136,152,191,190,146,151,177,466,242,81,237,265,212,165,210,247,127,163,67,114,200,111,96,189,155,117,157,154,118,184,121,159,218,232,95,200,181,137,125,235,100,225,174,88,81,206,141,79,159,136,129,119,190,116,293,181,104,195,209,150,144,194,158,150,175,110,171,212,155,136,145,213,264,277,104,179,189,286,175,107,188,108,109,112,218
F:\final\feature\gallery\367_c2s2_000826_8.jpg,255,378,345,458,358,450,397,470,323,361,391,383,367,419,408,652,383,492,286,481,374,368,681,233,364,284,436,368,584,283,314,307,275,217,369,363,298,409,257,306,410,399,389,342,290,371,620,476,197,465,319,311,312,270,421,195,276,469,430,413,386,344,251,311,521,362,424,384,471,457,416,379,426,349,336,335,408,380,519,467,464,299,399,498,449,378,366,559,259,244,331,346,262,497,446,319,375,247,485,374
F:\final\feature\gallery\368_c2s2_000826_11.jpg,403,464,388,474,374,522,430,373,433,529,539,470,463,272,581,440,432,587,407,440,529,571,695,284,579,359,550,485,583,465,281,499,422,435,388,450,439,515,377,408,472,515,845,356,366,361,581,540,319,433,476,425,495,288,540,171,486,684,427,426,504,457,514,423,545,334,517,541,404,445,513,556,532,354,443,420,573,537,553,579,377,548,595,673,511,450,467,869,352,375,443,502,385,594,461,518,491,346,503,607
F:\final\feature\gallery\369_c2s2_000826_17.jpg,45,25,43,38,21,48,40,47,184,42,59,43,43,57,38,35,37,54,34,44,55,31,128,29,28,84,46,47,43,23,145,14,81,15,39,46,19,18,39,35,23,40,30,19,33,41,57,63,22,38,21,23,29,44,44,54,21,66,32,41,55,53,23,21,32,46,23,106,41,107,69,18,30,107,34,25,35,39,45,48,47,27,83,59,35,30,48,86,60,15,59,99,53,37,28,31,23,55,51,49
F:\final\feature\gallery\370_c2s2_000826_13.jpg,493,191,181,259,214,249,350,157,501,286,402,286,272,184,362,188,349,278,444,181,347,455,507,676,242,364,439,403,207,457,456,415,500,306,270,316,556,239,464,448,226,299,200,274,456,211,207,371,699,192,500,445,335,287,478,135,538,386,141,157,453,404,289,402,221,217,208,327,257,423,336,360,230,277,438,283,422,299,328,310,213,507,379,340,200,304,550,194,575,551,464,339,659,333,223,421,308,246,145,279
F:\final\feature\gallery\371_c2s2_000826_3.jpg,103,20,54,62,50,25,59,24,153,55,87,54,74,56,81,28,90,95,141,24,85,81,138,124,28,316,158,62,31,97,370,44,122,80,70,89,77,16,167,76,54,56,4,31,130,20,16,88,101,18,81,110,43,74,155,46,58,99,17,27,108,61,66,75,24,50,68,89,60,86,45,33,82,86,53,49,53,96,74,29,50,78,140,89,24,62,212,26,176,129,74,110,184,33,58,112,27,78,19,45
F:\final\feature\gallery\372_c2s2_000826_14.jpg,62,164,182,163,159,236,93,237,113,189,164,204,165,334,140,258,139,186,104,210,202,138,165,76,233,67,148,142,271,152,53,126,122,123,119,184,81,178,137,144,189,161,257,187,91,158,327,135,66,195,101,139,141,140,148,217,125,226,183,239,122,200,134,122,228,200,232,214,216,130,213,172,220,152,143,117,166,193,214,186,217,116,216,253,233,164,137,350,64,106,71,215,69,215,235,126,139,146,246,170
F:\final\feature\gallery\373_c2s2_000826_22.jpg,203,59,84,97,63,102,116,66,261,82,115,82,125,116,120,67,102,202,175,67,124,109,180,265,69,260,200,128,101,165,297,99,173,90,90,149,139,65,286,118,91,104,147,89,233,65,87,106,269,52,180,180,74,182,163,40,184,125,46,71,116,141,77,97,77,110,72,159,97,234,139,95,130,91,119,83,155,120,149,80,75,157,197,149,73,81,269,252,406,200,169,166,339,118,66,144,104,177,81,160
F:\final\feature\gallery\374_c2s2_000826_8.jpg,776,166,179,208,123,152,332,84,331,237,231,210,330,119,500,117,293,345,585,125,239,366,291,1189,127,506,425,314,132,564,451,318,505,304,230,333,686,173,836,375,260,339,184,173,791,122,109,328,1052,110,579,479,283,277,368,61,459,259,92,149,365,226,292,348,117,160,244,229,165,407,274,227,248,174,344,219,459,287,227,192,164,400,416,232,145,297,821,288,1031,817,721,198,937,230,205,457,314,254,175,330
F:\final\feature\gallery\375_c2s2_000826_5.jpg,522,255,178,276,221,236,315,188,352,238,363,237,375,153,438,210,394,437,509,221,299,405,313,572,204,348,402,439,243,423,331,329,437,246,300,300,557,256,361,349,309,378,184,215,462,224,219,453,615,186,421,396,346,264,400,125,412,343,192,212,420,284,264,392,205,184,232,279,199,371,266,312,250,215,404,310,448,293,355,284,184,413,390,329,224,349,567,222,551,472,558,337,554,293,227,443,374,287,234,232
F:\final\feature\gallery\376_c2s2_000826_11.jpg,699,461,317,548,364,555,350,377,417,474,485,466,567,342,486,486,500,555,783,452,446,643,293,1125,305,631,670,761,482,725,533,618,508,410,335,481,633,514,786,609,395,690,479,393,656,362,503,583,1023,368,712,684,572,399,621,99,757,546,348,390,518,436,355,642,525,370,413,454,395,393,632,605,597,243,685,492,805,535,417,562,343,727,522,441,479,528,809,642,980,660,731,410,1009,546,374,767,619,392,396,679
F:\final\feature\gallery\377_c2s2_000826_15.jpg,103,102,97,129,83,128,86,101,203,84,102,85,195,137,94,108,72,170,144,124,83,97,120,142,75,129,121,126,193,141,110,63,117,79,68,112,73,65,258,85,78,152,168,87,165,65,140,102,136,77,109,124,59,96,124,40,121,120,79,121,67,91,80,67,124,108,87,166,79,177,113,59,156,86,91,71,105,132,94,108,72,87,168,118,137,106,148,262,180,152,99,178,176,112,87,100,108,105,114,192
F:\final\feature\gallery\378_c2s2_000826_7.jpg,394,223,211,255,161,262,205,213,464,283,397,301,291,217,353,215,258,266,309,248,354,293,329,398,246,429,361,262,250,301,407,272,388,224,238,282,380,223,356,266,314,298,269,175,322,179,247,398,368,208,350,296,251,288,324,174,306,448,168,237,410,336,200,238,285,249,240,340,185,347,341,287,257,234,281,217,306,265,321,311,181,341,335,373,251,237,424,303,518,332,314,388,500,270,206,360,245,271,236,292
F:\final\feature\gallery\379_c2s2_000826_5.jpg,494,134,170,239,145,188,199,117,404,186,265,244,349,182,302,139,313,274,480,146,264,337,316,631,147,389,392,389,167,380,456,314,304,273,183,278,381,139,424,325,211,287,183,137,462,130,151,310,577,125,416,392,300,276,411,113,386,212,101,122,282,271,255,369,154,214,188,255,183,279,257,191,278,166,321,230,332,280,236,174,183,336,355,224,191,219,552,320,675,363,386,314,651,214,148,464,241,243,125,331
F:\final\feature\gallery\380_c2s2_000826_7.jpg,244,78,81,105,97,98,137,93,254,94,155,107,214,100,149,98,135,186,214,96,130,157,276,237,77,201,159,169,106,197,266,112,205,77,97,153,188,68,279,138,116,156,79,89,204,70,74,167,273,51,205,171,110,163,182,74,195,158,51,95,133,107,93,149,88,111,81,146,102,224,131,109,137,135,154,96,170,132,141,88,95,147,228,155,98,127,248,149,338,218,191,182,298,105,77,220,160,150,91,145
F:\final\feature\gallery\381_c2s2_000826_4.jpg,270,36,84,72,35,43,81,31,362,110,122,108,148,62,127,29,122,112,300,29,185,153,211,567,54,243,197,125,33,217,204,143,245,167,72,153,225,42,420,155,162,108,26,51,374,34,24,47,637,20,196,242,81,205,149,47,157,171,14,50,60,182,143,149,22,115,87,130,72,260,94,58,124,133,122,88,152,165,136,20,51,156,206,119,39,77,347,71,452,327,149,157,504,38,78,230,75,189,56,126
F:\final\feature\gallery\382_c2s2_000826_24.jpg,166,193,186,225,248,268,177,244,227,240,228,226,180,265,219,288,258,222,212,231,236,302,200,188,189,139,234,244,228,281,157,284,245,169,235,186,228,236,150,262,206,222,138,297,184,195,244,269,213,235,173,206,244,203,224,202,277,324,211,175,256,260,132,310,319,206,178,247,295,210,260,241,174,198,337,269,323,192,207,312,246,298,203,271,228,287,211,137,169,144,241,245,169,316,185,258,182,188,176,258
F:\final\feature\gallery\383_c2s2_000826_3.jpg,323,100,125,218,100,145,215,108,322,143,201,149,208,238,180,124,164,204,296,116,156,258,370,489,85,425,374,260,146,246,453,183,193,97,155,219,207,95,247,206,130,158,97,130,255,99,140,223,524,94,242,263,135,174,327,170,301,198,82,86,281,190,96,213,165,161,117,229,126,172,244,141,183,204,227,147,224,175,139,180,128,279,258,163,127,159,427,181,554,173,291,216,507,234,97,290,122,152,86,244
F:\final\feature\gallery\384_c2s2_000826_24.jpg,66,30,55,67,59,55,61,51,111,42,71,53,65,111,62,59,73,62,83,49,69,53,91,104,38,81,123,64,65,75,68,60,128,41,62,78,71,42,85,61,98,48,20,49,97,60,52,82,94,36,67,84,49,90,121,83,77,78,32,53,95,69,34,64,49,51,49,87,54,118,78,57,74,86,74,48,70,69,94,72,64,69,110,97,44,68,110,76,95,46,64,92,108,90,44,83,42,84,52,84
F:\final\feature\gallery\385_c2s2_000826_22.jpg,23,29,59,57,56,49,29,32,139,44,43,47,93,112,58,76,52,61,40,43,39,30,104,21,25,81,65,38,95,35,83,23,58,42,41,66,19,29,61,39,35,63,64,25,34,40,102,68,18,32,40,53,30,64,71,71,44,56,30,45,53,42,38,38,52,70,57,104,60,31,68,35,100,70,45,30,36,83,57,38,64,40,92,54,52,40,46,175,64,30,39,101,47,66,50,39,42,59,46,91
F:\final\feature\gallery\386_c2s2_000826_12.jpg,29,3,6,10,6,4,15,18,49,13,21,20,6,32,12,9,21,17,14,11,16,13,85,24,10,69,50,13,4,18,123,11,23,3,20,7,12,4,25,14,16,5,2,8,19,19,6,22,16,5,10,9,9,12,32,61,12,10,6,6,29,16,8,12,5,9,4,19,20,32,7,3,6,57,13,8,10,6,20,7,30,5,14,15,3,11,35,10,42,12,20,16,54,11,2,15,4,15,12,5
F:\final\feature\gallery\387_c2s2_000826_12.jpg,163,63,106,115,78,103,103,58,273,120,142,92,158,172,150,69,115,159,192,55,143,111,201,173,84,117,174,137,91,215,96,136,152,210,90,223,150,67,304,151,104,119,72,102,166,84,97,121,213,69,181,228,128,157,175,67,171,170,49,83,78,139,178,140,83,95,115,212,119,170,163,149,166,110,147,115,164,238,122,73,92,160,245,158,92,86,212,165,171,256,128,168,212,143,126,206,113,151,64,155
F:\final\feature\gallery\388_c2s2_000826_12.jpg,160,94,136,120,117,134,136,106,350,105,176,124,154,124,131,93,121,159,129,108,155,141,233,173,102,247,243,156,179,118,268,80,208,76,113,167,133,95,110,126,146,124,189,110,153,93,196,192,154,87,151,121,76,182,212,102,134,234,91,131,242,145,71,90,81,124,127,256,112,227,150,112,191,179,147,107,112,162,229,141,107,156,261,254,136,120,199,387,206,71,185,268,172,132,127,165,137,177,132,114
F:\final\feature\gallery\389_c2s2_000826_12.jpg,185,11,70,50,59,28,115,27,272,82,142,98,74,119,77,30,89,123,148,46,135,81,204,186,53,321,188,73,26,132,375,70,188,63,70,99,156,14,225,104,121,54,1,47,191,30,14,98,211,13,109,163,58,133,207,95,83,147,16,63,109,148,75,58,24,62,68,99,75,141,46,37,73,149,70,35,62,82,109,29,90,102,166,102,27,58,262,22,248,203,140,108,246,68,75,135,33,123,39,37
F:\final\feature\gallery\390_c2s2_000826_21.jpg,162,88,89,117,97,132,86,99,124,87,106,101,135,95,116,108,119,128,161,108,79,136,135,184,59,165,151,140,99,159,164,101,82,85,100,126,132,86,203,129,63,101,91,109,126,100,129,147,179,91,135,174,100,66,163,70,152,86,80,82,160,75,75,119,93,87,98,112,112,89,142,119,120,108,139,92,125,142,79,126,106,153,155,95,109,129,160,89,192,139,135,95,172,137,89,170,126,65,81,112
F:\final\feature\gallery\391_c2s2_000826_12.jpg,361,65,86,111,73,115,124,52,329,91,175,87,155,102,171,50,130,125,276,50,150,183,226,598,50,357,282,184,64,333,373,154,204,101,117,182,235,76,361,221,87,116,114,109,294,69,81,177,562,51,232,273,147,156,235,99,312,157,42,64,236,154,92,168,84,80,86,172,80,136,188,146,110,115,215,95,203,149,124,117,82,253,228,137,56,127,415,146,574,275,290,159,589,131,70,236,105,155,53,162
F:\final\feature\gallery\392_c2s2_000826_22.jpg,46,15,19,33,21,28,42,35,93,27,45,17,37,61,35,28,37,41,29,36,33,20,188,31,29,124,68,19,44,26,179,15,55,9,42,38,7,11,33,18,26,40,36,19,40,35,44,47,20,14,29,26,14,22,51,61,28,40,17,42,53,29,19,15,18,37,24,59,42,98,41,16,42,85,22,11,23,30,65,19,45,8,55,77,29,30,36,102,56,25,25,74,54,35,23,34,9,23,41,29
F:\final\feature\gallery\393_c2s2_000826_9.jpg,134,46,105,103,71,140,78,91,346,96,124,70,127,121,88,93,110,105,161,83,136,146,226,194,65,154,158,169,117,185,123,105,175,81,84,144,93,73,132,131,82,134,111,97,153,98,125,121,138,62,135,150,93,127,170,85,177,125,52,78,73,133,81,101,95,92,72,195,73,186,160,80,155,149,152,91,153,148,124,100,82,152,141,144,107,103,181,191,160,94,123,202,203,106,70,150,77,140,73,195
F:\final\feature\gallery\394_c2s2_000826_14.jpg,111,2,31,27,9,15,59,14,80,33,37,29,33,38,50,11,46,65,88,12,43,21,113,168,18,185,94,30,5,76,156,25,38,39,29,56,58,5,153,53,20,15,4,14,99,24,4,39,186,5,68,70,19,50,94,79,49,40,8,13,54,41,45,22,15,28,14,65,29,83,19,12,36,76,37,12,33,57,52,14,29,37,86,55,6,26,164,19,199,140,64,59,245,27,20,49,15,65,16,21
F:\final\feature\gallery\395_c2s2_000826_16.jpg,155,37,46,81,50,67,94,54,155,47,117,76,117,94,101,47,102,114,105,57,90,61,127,163,42,323,126,93,55,98,389,58,119,50,55,126,113,44,129,75,78,66,49,55,119,51,51,170,139,28,88,99,44,90,167,86,72,98,28,71,156,79,50,51,42,66,70,104,81,81,76,54,79,107,71,56,90,85,102,65,85,66,171,106,47,62,205,89,258,80,128,142,179,62,59,120,48,97,52,61
F:\final\feature\gallery\396_c2s2_000826_18.jpg,110,50,75,71,50,75,47,46,255,76,115,73,89,128,83,54,92,84,141,57,107,92,205,161,49,80,124,120,76,134,116,89,172,70,70,101,93,45,138,102,80,89,86,74,125,56,74,90,139,36,115,95,70,116,124,84,117,169,36,54,86,103,53,91,44,65,57,158,63,165,89,53,134,134,105,59,90,103,101,56,71,91,154,139,65,97,141,154,160,79,103,170,165,69,71,116,56,121,58,123
F:\final\feature\gallery\397_c2s2_000826_2.jpg,138,100,170,154,113,136,115,118,250,152,161,146,146,161,122,149,114,183,121,152,163,131,231,130,117,277,230,155,159,159,244,109,138,86,146,143,95,92,145,136,146,171,202,111,107,122,197,191,131,113,113,121,131,131,207,106,138,164,104,138,198,160,72,114,164,138,136,254,121,244,155,106,168,178,134,114,142,155,185,169,131,137,210,173,138,105,178,321,242,89,159,223,207,167,148,158,102,153,141,156
F:\final\feature\gallery\398_c2s2_000826_9.jpg,176,290,261,281,286,307,195,331,337,372,378,353,251,298,228,432,305,270,211,344,432,290,333,193,376,259,304,329,391,243,281,235,317,184,282,233,198,290,158,234,380,282,456,273,167,262,471,388,163,378,213,219,219,256,335,217,259,492,347,366,292,397,200,190,345,275,336,428,390,316,289,269,306,272,294,259,256,273,398,309,333,244,273,427,343,292,295,468,230,152,193,407,220,287,301,290,275,275,324,309
F:\final\feature\gallery\399_c2s2_000826_15.jpg,25,15,27,19,25,16,19,32,35,31,13,13,20,94,16,23,23,24,27,14,20,13,70,19,24,20,20,18,20,31,46,23,27,23,24,40,13,13,56,19,22,24,10,26,46,37,27,17,23,15,12,38,15,28,23,49,14,38,8,29,33,23,21,9,14,20,30,46,26,65,21,17,35,39,10,13,18,47,14,9,30,17,42,37,18,14,28,42,43,32,24,39,23,20,33,23,13,29,30,19
F:\final\feature\gallery\3_c3s3_000826_11.jpg,186,64,44,149,93,128,65,52,66,59,69,64,150,99,108,73,122,119,217,47,41,165,57,309,25,200,240,179,75,193,114,130,47,73,77,133,103,66,284,184,42,114,23,92,183,78,69,123,281,46,162,215,102,63,202,45,238,52,28,49,127,58,59,149,97,64,59,69,80,75,159,133,118,40,172,99,172,132,54,113,66,197,133,45,101,114,233,115,261,149,148,75,304,138,52,188,112,49,39,151
F:\final\feature\gallery\400_c2s2_000826_8.jpg,173,202,172,288,281,248,134,294,301,249,285,267,179,495,187,344,260,204,231,300,299,290,288,163,186,225,293,277,250,196,269,238,210,121,242,232,189,217,101,199,197,188,234,263,150,214,261,327,181,246,144,185,234,204,286,312,242,358,222,204,318,303,130,210,311,192,176,326,261,185,253,248,203,239,254,250,234,167,255,336,279,270,242,274,246,263,253,236,211,104,224,312,195,318,179,245,165,188,238,211
F:\final\feature\gallery\401_c2s2_000826_24.jpg,125,33,49,84,66,59,70,47,199,63,126,57,115,140,86,49,90,78,131,46,84,123,180,208,35,127,140,144,44,112,130,65,125,35,74,83,110,50,114,115,68,98,29,82,122,42,51,83,168,30,88,121,55,73,171,72,125,95,22,35,109,77,35,90,56,54,51,112,78,109,80,69,84,123,117,57,98,77,89,74,76,113,123,100,56,78,160,57,157,69,99,109,200,80,61,146,43,92,52,79
F:\final\feature\gallery\402_c2s2_000826_16.jpg,49,208,130,219,225,214,104,226,150,160,177,198,181,210,116,278,167,157,113,288,180,174,222,61,179,57,151,183,239,104,101,140,92,98,154,111,93,179,126,131,194,187,131,168,87,162,258,182,61,232,73,122,174,110,182,144,140,191,232,214,121,203,110,163,249,140,176,178,220,131,167,152,197,152,155,205,164,148,175,218,210,149,136,196,236,177,93,215,62,102,84,188,59,208,208,155,190,92,237,173
F:\final\feature\gallery\403_c2s2_000826_16.jpg,53,55,54,63,52,54,55,62,137,43,87,62,68,117,46,79,76,78,57,70,54,53,223,44,49,91,86,88,93,64,164,41,72,36,60,62,40,34,122,67,50,62,56,50,53,52,84,91,47,56,35,66,50,42,91,126,68,65,53,56,79,51,25,63,68,57,64,99,85,99,55,45,83,96,91,60,61,70,67,58,66,81,111,46,85,69,69,98,64,59,66,92,60,62,44,83,66,39,60,80
F:\final\feature\gallery\404_c2s2_000826_2.jpg,5,7,6,17,18,9,3,14,24,20,14,15,18,99,9,36,17,15,8,22,19,12,37,6,15,20,15,8,17,7,50,7,12,5,15,14,7,11,25,8,14,11,3,13,16,13,22,17,2,13,4,13,6,13,13,65,5,33,23,15,11,21,6,8,26,11,11,14,39,15,11,2,12,28,6,8,8,14,17,18,25,9,11,15,18,17,7,19,9,8,5,16,2,21,11,6,7,7,15,13
F:\final\feature\gallery\405_c2s2_000826_8.jpg,25,6,10,9,15,13,9,9,26,6,7,7,29,21,15,11,13,17,10,11,6,5,52,6,18,10,10,8,16,14,33,2,20,30,9,50,15,16,150,10,20,10,17,8,49,15,16,6,12,7,27,36,7,12,12,34,6,15,8,7,6,3,38,4,9,12,25,28,14,29,19,21,37,26,2,4,14,48,23,6,15,7,46,18,15,4,25,64,20,71,4,23,14,10,16,6,20,11,15,16
F:\final\feature\gallery\406_c2s2_000826_2.jpg,6,2,12,7,9,6,1,15,20,4,7,4,6,50,5,18,7,8,10,13,6,7,29,8,0,26,17,3,4,6,55,2,5,1,13,16,2,4,20,7,7,6,0,2,5,17,2,4,4,11,3,10,5,4,10,24,8,6,3,2,9,4,2,5,5,2,3,4,18,1,5,8,5,19,6,1,3,10,10,4,15,6,15,10,2,6,15,7,19,3,6,10,15,13,4,7,4,5,12,2
F:\final\feature\gallery\407_c2s2_000826_25.jpg,2,4,0,7,8,4,5,14,7,1,4,4,8,13,5,17,12,5,5,5,7,5,20,5,0,19,5,3,5,6,56,1,11,1,10,4,2,5,16,4,3,5,0,3,19,15,4,5,0,10,4,7,0,3,6,21,3,3,5,3,15,5,2,2,4,5,1,4,14,7,3,3,10,10,2,0,1,5,2,6,12,4,10,4,6,6,10,2,9,6,6,6,9,7,2,4,7,2,7,1
F:\final\feature\gallery\408_c2s2_000826_17.jpg,14,51,84,49,78,87,16,61,156,64,52,50,91,105,31,103,53,36,40,67,54,56,103,9,42,41,54,48,112,40,91,41,37,68,47,83,21,55,61,45,25,55,89,77,28,46,114,33,21,69,28,68,55,38,58,73,46,46,66,48,35,56,68,54,75,72,79,113,58,21,72,58,161,70,44,55,54,125,49,62,82,55,75,44,95,46,26,176,28,57,19,125,19,72,83,54,75,47,57,97
F:\final\feature\gallery\409_c2s2_000826_24.jpg,28,140,113,110,129,183,34,155,85,112,93,89,90,137,47,231,79,71,45,151,94,100,63,15,95,24,54,92,212,75,59,68,87,83,80,51,21,121,45,74,67,103,133,101,61,108,256,54,17,158,32,73,93,78,50,52,62,101,148,138,33,71,68,69,179,110,137,130,130,36,129,85,165,69,90,94,100,151,96,113,141,85,103,93,211,92,34,263,23,47,17,111,21,92,132,77,80,86,118,124
F:\final\feature\gallery\40_c2s2_000826_9.jpg,22,33,67,47,48,61,19,47,145,64,83,55,60,69,32,89,43,28,26,46,83,54,105,30,18,48,44,46,73,51,89,40,42,16,40,44,36,32,40,39,51,36,23,55,39,52,80,45,49,62,13,42,32,61,43,61,50,99,42,46,38,82,20,49,35,55,59,109,63,31,54,34,71,114,56,39,48,45,56,32,65,43,74,64,87,47,34,99,23,28,27,114,27,46,56,60,48,66,37,63
F:\final\feature\gallery\410_c2s2_000826_1.jpg,13,33,31,21,31,62,6,37,35,23,8,20,48,45,26,42,16,16,26,45,12,12,76,16,43,4,16,21,74,34,67,18,11,53,24,41,7,26,68,20,23,31,97,16,35,32,88,12,6,33,26,44,24,18,24,42,17,15,34,28,18,20,56,15,39,35,66,35,33,30,65,25,123,37,18,28,25,114,23,21,34,19,38,25,65,22,23,266,29,35,11,26,16,24,37,15,31,22,35,49
F:\final\feature\gallery\411_c2s2_000826_2.jpg,6,2,2,10,3,3,3,13,4,3,1,5,6,19,3,11,15,6,8,11,1,1,11,4,0,27,23,0,3,5,67,3,1,0,14,10,1,1,4,6,4,0,1,2,8,10,1,10,2,6,0,8,5,1,23,30,4,3,7,2,13,2,0,0,3,4,2,4,21,5,3,0,5,11,0,6,3,8,4,4,25,0,13,6,0,7,10,11,10,2,4,5,8,5,3,3,0,3,3,4
F:\final\feature\gallery\412_c2s2_000826_8.jpg,7,7,23,24,19,21,11,14,7,13,6,17,26,57,6,23,16,28,9,15,17,4,28,2,10,64,35,10,34,12,43,6,6,6,17,16,0,12,17,7,16,6,43,13,19,17,40,21,0,17,7,7,5,13,37,27,6,14,13,14,15,14,11,6,18,15,23,25,28,16,16,7,53,24,5,4,15,39,16,9,27,8,15,17,16,10,13,241,15,6,3,20,6,27,20,4,8,17,22,27
F:\final\feature\gallery\413_c2s2_000826_20.jpg,1,18,28,13,15,48,5,26,47,14,3,12,26,72,4,33,24,15,2,19,3,4,53,3,5,11,26,15,46,12,78,3,7,21,30,36,5,10,11,10,7,20,32,14,7,26,56,10,2,16,1,18,4,28,23,55,10,10,14,18,19,8,10,12,25,37,26,65,33,1,22,15,69,31,8,9,13,57,15,12,26,12,34,12,58,15,3,361,13,9,4,43,5,12,19,10,17,25,16,49
F:\final\feature\gallery\414_c2s2_000826_10.jpg,0,7,7,6,8,5,10,15,6,8,4,7,3,36,3,11,13,7,3,7,1,3,15,1,1,40,15,6,8,5,51,3,1,0,12,3,3,5,2,7,6,5,2,4,5,17,8,3,1,7,1,5,6,1,13,18,3,4,8,7,14,5,3,4,7,4,2,6,25,8,5,3,10,5,0,3,7,7,3,6,19,2,5,6,8,4,5,13,10,1,3,4,2,8,5,7,1,3,9,3
F:\final\feature\gallery\415_c2s2_000826_25.jpg,0,2,7,8,11,5,3,13,10,0,1,1,3,6,3,16,11,6,3,4,0,2,25,4,2,5,3,0,1,3,52,2,3,0,14,3,1,3,4,4,6,4,5,5,0,20,3,2,0,10,0,2,0,3,2,23,2,3,7,1,3,1,0,2,4,4,5,8,18,3,6,1,14,11,5,5,3,6,4,2,15,2,8,10,4,4,2,33,17,2,4,12,2,4,5,3,3,4,5,4
F:\final\feature\gallery\416_c2s2_000826_3.jpg,0,5,1,2,8,0,2,16,0,2,1,5,0,26,1,10,14,5,4,12,5,2,8,2,1,15,8,0,1,1,45,1,0,0,8,0,0,5,2,5,4,3,0,3,0,12,0,9,1,7,1,2,2,0,6,9,0,3,6,3,12,1,0,2,1,0,2,0,20,0,1,3,1,8,2,0,3,3,2,3,13,3,0,2,0,7,2,5,12,0,4,0,2,4,1,0,2,0,4,1
F:\final\feature\gallery\417_c2s2_000826_17.jpg,1,0,2,8,4,1,3,18,0,2,0,2,1,11,1,10,14,6,3,10,0,2,1,1,0,22,17,1,2,1,44,1,0,0,16,0,0,1,0,2,2,1,0,3,0,22,2,10,0,6,0,0,1,0,15,17,1,1,5,1,6,2,0,0,7,2,0,0,21,1,2,1,1,2,0,3,0,0,2,7,24,1,1,2,1,5,2,10,5,0,5,2,2,8,0,1,1,0,5,3
F:\final\feature\gallery\418_c2s2_000826_20.jpg,5,7,14,21,8,5,11,18,6,15,9,11,7,103,6,27,24,21,5,19,15,8,40,5,12,39,35,5,15,6,51,9,4,4,18,5,3,5,6,13,14,6,2,11,8,13,19,8,2,10,8,10,12,9,25,38,7,13,21,6,21,14,4,7,15,8,10,13,30,5,4,5,9,32,15,9,15,13,14,6,51,6,8,16,4,7,19,29,17,4,7,13,8,14,11,11,13,5,11,7
F:\final\feature\gallery\419_c2s2_000826_11.jpg,0,2,1,3,10,1,2,11,2,0,0,2,0,26,2,9,7,2,2,11,2,1,13,2,0,28,11,0,1,1,44,0,0,0,10,1,0,5,3,1,4,6,1,3,2,16,1,3,0,4,0,1,3,1,7,12,0,7,4,0,12,5,0,1,1,4,0,1,24,1,1,6,1,3,2,1,2,3,3,4,22,1,0,5,1,3,1,7,10,0,0,1,3,5,0,1,3,0,4,1
F:\final\feature\gallery\420_c2s2_000826_14.jpg,1,2,0,10,7,0,2,14,2,1,2,3,0,22,1,7,13,3,4,8,3,2,24,0,1,13,12,0,1,0,40,0,1,1,11,0,0,3,9,5,3,3,1,0,7,14,0,8,0,8,3,1,4,2,17,22,0,3,9,4,8,0,0,5,7,0,4,0,10,1,1,2,0,4,3,2,2,1,3,1,18,0,2,4,0,2,1,5,11,3,1,0,2,9,3,2,3,1,9,1
F:\final\feature\gallery\421_c2s2_000826_4.jpg,1,2,2,4,16,0,1,13,3,3,3,1,0,7,1,8,13,8,2,7,3,2,10,1,3,15,11,2,4,5,46,0,2,2,11,2,1,4,1,5,3,5,1,1,0,17,3,6,0,7,1,2,2,2,7,25,1,4,9,4,11,2,1,3,6,5,2,4,21,3,1,2,2,7,2,0,1,2,7,4,21,3,1,3,0,7,2,29,12,0,2,4,3,5,0,3,3,2,6,3
F:\final\feature\gallery\422_c2s2_000826_9.jpg,1,0,4,4,4,1,1,17,9,6,0,7,3,35,2,14,10,14,4,7,3,4,23,2,1,22,15,1,4,3,59,1,3,3,9,6,1,0,7,7,6,5,8,4,7,9,9,5,0,10,2,3,2,6,6,23,1,5,9,1,8,2,8,1,4,4,4,13,13,2,0,2,20,14,3,0,2,11,5,6,15,1,7,9,5,6,1,106,12,1,3,9,1,7,2,3,3,4,8,5
F:\final\feature\gallery\423_c2s2_000826_11.jpg,2,2,1,4,3,2,7,9,6,3,1,5,1,14,1,10,7,6,3,10,0,2,14,1,2,17,5,1,3,0,67,2,1,3,5,2,1,2,5,0,3,0,0,2,1,16,4,2,0,7,1,2,0,2,7,28,1,4,7,1,10,1,0,3,7,1,2,1,10,2,3,1,11,6,1,4,0,7,6,3,26,3,1,4,2,7,3,37,15,5,2,3,1,6,1,3,2,0,3,4
F:\final\feature\gallery\424_c2s2_000826_12.jpg,4,6,14,7,6,8,12,14,12,3,5,4,13,22,3,17,9,9,5,8,3,1,60,3,4,20,4,4,11,6,64,4,6,4,16,9,4,1,6,6,7,6,8,1,4,20,11,5,5,9,0,5,4,7,7,30,1,4,12,6,11,5,3,4,6,17,8,11,16,7,7,5,17,21,2,3,7,12,16,7,14,0,6,14,10,8,5,73,13,2,2,10,4,9,8,2,5,8,13,5
F:\final\feature\gallery\425_c2s2_000826_16.jpg,2,2,5,1,4,6,6,7,8,4,2,10,7,12,1,11,11,6,4,7,1,2,21,1,2,7,9,3,3,4,63,1,0,5,6,7,0,2,7,5,1,5,2,2,2,13,10,4,2,7,0,5,1,3,8,8,3,3,7,10,7,5,2,1,3,4,8,8,16,2,5,3,10,5,3,1,4,9,3,0,13,3,10,3,3,7,4,49,9,2,0,4,3,8,7,2,3,2,4,5
F:\final\feature\gallery\426_c2s2_000826_7.jpg,3,1,3,4,11,0,1,13,2,4,5,8,4,12,2,6,14,8,5,6,1,2,7,3,3,70,18,2,2,3,52,2,3,1,9,2,1,3,9,3,5,4,0,2,6,12,0,5,1,7,2,4,3,1,19,22,4,1,6,2,8,3,2,2,2,2,2,0,19,0,2,1,9,3,1,3,1,7,1,2,22,2,4,1,0,11,9,0,21,3,2,4,3,8,1,1,1,3,4,1
F:\final\feature\gallery\427_c2s2_000826_8.jpg,0,3,0,7,3,2,0,12,0,1,3,0,0,16,1,5,11,11,5,10,1,1,3,2,0,21,10,0,1,2,35,0,0,1,10,5,0,0,2,0,2,4,0,3,0,8,0,1,1,4,0,1,1,1,10,9,4,1,3,3,4,0,0,1,4,0,0,1,22,0,1,1,2,1,1,4,4,4,0,3,20,3,2,1,3,2,5,12,14,0,3,2,6,5,1,1,1,0,6,1
F:\final\feature\gallery\428_c2s2_000826_17.jpg,0,2,0,1,4,0,2,10,0,1,0,3,0,1,0,7,6,4,0,8,0,1,2,1,1,3,0,0,1,1,3,0,0,0,8,0,0,2,1,4,2,6,0,3,0,14,1,2,1,5,0,0,0,0,0,6,0,2,5,3,1,1,2,2,2,0,0,0,8,3,0,2,0,0,1,0,3,0,0,3,12,0,0,1,0,1,1,0,8,1,2,0,0,7,1,1,2,0,2,0
F:\final\feature\gallery\429_c2s2_000826_23.jpg,2,2,3,4,7,2,1,13,6,1,3,8,2,8,0,10,12,2,0,11,1,1,6,1,2,12,5,1,1,0,53,2,5,5,15,1,1,5,5,6,5,4,3,3,1,15,1,3,0,8,1,2,4,3,6,9,1,2,8,1,12,4,7,4,5,1,1,1,13,1,0,1,16,3,1,2,4,7,5,3,15,1,2,6,2,11,3,18,10,4,6,5,2,5,3,1,2,3,8,3
F:\final\feature\gallery\430_c2s2_000826_5.jpg,4,0,1,4,1,2,2,17,1,5,1,5,1,7,2,10,10,5,3,3,2,2,2,1,2,29,11,1,2,1,46,4,2,0,21,7,1,0,2,2,5,4,0,2,1,11,0,4,0,5,1,0,3,1,13,12,1,3,4,2,4,0,2,1,8,5,3,2,15,0,0,1,7,1,3,1,2,7,4,6,21,1,5,1,2,4,3,22,4,2,7,0,6,3,1,4,1,0,1,1
F:\final\feature\gallery\431_c2s2_000826_8.jpg,10,7,6,5,10,19,3,21,13,0,3,4,24,18,8,16,6,2,6,10,0,6,18,1,9,17,8,4,17,15,43,8,11,29,12,21,12,9,108,5,6,11,40,7,16,23,17,9,16,16,1,11,8,6,18,17,5,1,10,14,5,0,26,4,7,8,15,8,20,4,16,9,48,7,4,6,10,33,10,7,19,1,17,11,16,11,4,252,25,111,5,5,17,8,14,5,18,3,19,19
F:\final\feature\gallery\432_c2s2_000826_17.jpg,2,5,5,2,5,1,1,11,14,5,3,3,8,2,3,8,5,7,2,6,0,1,9,6,3,11,2,6,2,1,35,4,1,3,5,5,2,4,13,3,0,4,1,1,3,15,1,3,1,6,1,5,2,3,0,15,3,2,6,3,8,2,2,2,3,6,4,9,16,0,2,1,16,11,3,1,4,8,7,2,19,0,14,7,3,3,3,21,16,3,0,7,2,3,4,5,3,4,2,5
F:\final\feature\gallery\433_c2s2_000826_14.jpg,17,49,29,30,34,46,7,35,31,22,15,12,41,25,28,30,30,21,38,24,9,18,39,21,43,27,28,47,52,44,87,36,13,90,29,40,24,29,71,27,10,44,105,34,46,22,64,16,27,32,17,58,57,19,38,31,34,6,30,20,20,8,80,31,27,24,49,24,44,5,45,35,119,19,34,29,36,90,23,15,45,30,53,16,40,34,25,296,54,64,13,15,35,24,47,36,33,21,23,77
F:\final\feature\gallery\434_c2s2_000826_10.jpg,5,2,5,8,11,1,6,17,11,5,6,8,3,34,4,11,11,11,5,8,11,8,18,5,1,44,39,4,8,3,72,2,1,2,10,0,3,1,4,7,9,6,1,6,9,13,3,5,4,9,6,4,3,3,30,28,5,5,7,4,15,11,0,3,4,2,6,4,24,1,2,3,1,12,4,4,3,0,5,6,26,6,6,2,0,5,23,6,15,0,9,12,9,10,1,3,3,8,7,2
F:\final\feature\gallery\435_c2s2_000826_15.jpg,8,16,38,45,28,27,30,38,35,21,14,25,25,116,16,51,31,31,7,32,31,16,118,4,13,95,59,17,38,19,120,9,49,14,35,28,4,14,22,13,36,14,40,22,37,30,26,34,1,22,23,22,11,24,57,82,8,29,21,17,38,22,19,10,25,28,22,43,66,49,23,11,56,38,5,8,15,35,39,27,75,17,28,39,31,22,40,144,28,20,11,23,14,34,18,15,16,25,30,25
F:\final\feature\gallery\436_c2s2_000826_17.jpg,2,4,14,13,13,6,4,22,41,9,14,8,7,49,2,20,24,13,7,10,11,2,53,1,3,49,21,6,5,6,68,3,21,1,11,6,1,8,2,5,11,5,14,7,6,21,11,7,2,14,6,3,5,9,14,39,5,12,15,7,13,11,1,5,11,8,11,26,24,16,8,5,10,30,7,2,4,12,14,10,24,4,8,12,12,9,6,44,11,0,8,19,6,19,4,5,8,8,12,12
F:\final\feature\gallery\437_c2s2_000826_12.jpg,7,18,17,27,26,14,12,25,39,15,12,20,21,60,20,36,15,22,13,20,19,14,104,11,15,42,27,20,16,8,83,11,12,13,17,10,5,23,17,12,19,11,11,17,17,27,21,21,11,16,7,14,5,14,30,53,10,22,12,12,31,17,10,14,21,18,20,17,39,8,12,13,30,37,9,12,11,26,13,11,39,13,16,17,17,22,27,47,35,24,9,32,14,18,14,20,16,6,20,28
F:\final\feature\gallery\438_c2s2_000826_17.jpg,8,15,35,22,24,44,26,32,89,22,39,30,33,85,8,38,26,19,18,23,28,18,129,1,13,57,43,19,38,13,91,19,24,11,25,21,3,7,18,15,17,25,14,29,17,30,53,41,7,26,10,15,22,26,35,75,13,29,28,14,34,35,5,16,31,35,27,47,40,32,27,4,44,71,14,26,14,35,21,20,34,18,38,25,32,21,19,83,24,6,11,46,11,20,22,22,13,28,15,38
F:\final\feature\gallery\439_c2s2_000826_23.jpg,4,3,4,10,8,1,2,15,4,6,5,9,3,77,1,18,13,10,3,10,12,3,28,3,3,76,27,7,5,1,106,5,4,1,16,0,2,2,0,4,3,2,2,3,0,16,2,14,1,6,0,0,4,3,26,40,2,7,4,3,20,6,0,3,6,2,3,2,25,6,3,2,3,13,4,3,8,2,4,7,33,0,1,0,0,5,9,12,11,1,4,3,6,16,2,3,2,1,3,3
F:\final\feature\gallery\440_c2s2_000826_3.jpg,8,5,15,19,17,19,8,28,17,4,3,11,17,68,5,32,10,8,16,25,7,7,39,7,3,19,19,11,29,11,67,8,14,5,14,13,0,7,34,10,5,10,4,16,8,20,29,14,4,16,1,8,6,8,29,55,9,8,9,16,14,7,6,7,21,14,10,14,34,6,14,4,43,19,11,9,9,29,11,14,32,2,15,12,23,16,14,107,19,5,8,18,11,20,12,7,8,6,15,29
F:\final\feature\gallery\441_c2s2_000826_13.jpg,8,16,18,48,22,17,30,38,59,19,33,34,21,223,20,61,33,57,18,36,22,23,178,13,8,283,119,19,39,18,140,11,34,8,29,19,4,14,6,18,26,16,23,26,32,28,35,76,2,28,22,9,13,16,142,73,12,36,14,28,80,36,7,9,35,30,16,40,52,43,13,11,48,60,14,7,12,20,21,47,53,17,31,25,22,20,61,108,32,15,20,37,15,67,20,17,11,24,30,26
F:\final\feature\gallery\442_c2s2_000826_20.jpg,12,14,21,44,30,49,20,35,34,24,19,21,21,148,19,73,22,36,17,39,20,15,48,8,15,76,55,13,41,13,87,13,23,15,19,9,5,19,20,14,26,21,30,25,36,28,45,30,0,22,15,17,13,12,44,52,7,30,18,28,47,15,10,16,42,26,31,36,67,40,25,10,45,28,15,10,21,41,22,32,67,15,34,29,44,16,22,85,24,15,7,29,9,57,16,13,9,16,28,31
F:\final\feature\gallery\443_c2s2_000826_20.jpg,6,3,0,2,9,0,4,8,2,0,1,5,0,2,4,2,6,7,0,5,2,0,18,1,1,4,3,1,0,1,11,2,3,7,2,4,5,4,15,1,3,2,1,1,11,8,0,1,1,5,7,5,1,2,2,6,2,2,1,1,0,0,7,3,0,1,4,0,11,7,0,1,3,2,1,0,0,4,0,0,11,0,1,1,0,6,2,5,7,18,0,0,5,1,3,3,2,0,7,2
F:\final\feature\gallery\444_c2s2_000826_12.jpg,2,3,8,10,7,3,6,22,12,10,8,6,6,60,2,13,15,7,2,12,4,3,72,3,6,8,9,2,10,3,75,1,23,0,12,10,0,2,8,4,13,10,25,5,14,18,12,5,3,8,2,2,4,7,8,54,3,6,10,9,11,6,1,2,14,8,5,7,24,20,9,1,17,24,6,1,10,12,16,3,22,1,6,10,5,7,5,95,12,2,5,16,4,8,5,4,4,6,19,13
F:\final\feature\gallery\445_c2s2_000826_16.jpg,0,4,0,3,12,0,0,12,0,4,1,4,0,32,1,10,13,3,3,3,1,2,10,3,0,3,7,2,0,1,23,1,0,0,8,0,1,2,1,4,4,4,0,2,1,15,0,1,0,8,1,2,4,0,6,13,1,2,8,2,1,0,0,2,4,0,2,0,14,3,0,1,1,1,2,1,2,1,1,4,16,2,0,1,0,6,2,0,10,0,1,1,2,5,1,5,1,2,11,0
F:\final\feature\gallery\446_c2s2_000826_19.jpg,2,1,0,4,3,0,0,8,0,0,1,3,0,15,1,6,5,5,2,11,2,2,2,0,1,9,7,1,0,1,32,3,0,0,11,1,0,0,0,2,0,3,0,3,0,6,2,8,0,8,0,0,5,1,7,12,0,1,7,4,6,2,0,0,5,1,0,0,18,0,0,1,0,3,2,5,3,1,2,5,16,3,1,2,1,3,1,6,5,0,3,0,1,2,1,1,1,1,2,0
F:\final\feature\gallery\447_c2s2_000826_21.jpg,0,8,14,8,15,18,5,16,18,7,9,4,11,15,5,22,8,8,2,18,4,2,40,1,12,2,3,4,17,5,39,5,26,6,10,11,4,8,38,5,11,6,16,5,7,18,22,5,2,10,1,11,7,8,3,23,5,10,7,16,0,1,9,2,10,9,6,15,12,9,13,8,27,28,4,3,6,24,16,4,14,4,18,16,17,5,5,79,20,8,4,10,1,4,8,3,7,10,15,15
F:\final\feature\gallery\448_c2s2_000826_14.jpg,0,4,0,5,15,3,3,13,9,0,1,1,2,14,1,8,14,10,2,14,1,4,32,3,0,0,4,1,3,3,61,1,5,1,12,3,0,4,8,2,0,5,3,5,0,12,3,4,0,10,1,6,0,3,6,24,3,2,6,3,5,3,2,2,4,4,1,7,13,1,3,1,11,13,5,2,5,9,2,2,16,1,7,4,4,9,1,51,18,5,2,7,3,5,4,2,2,1,4,4
F:\final\feature\gallery\449_c2s2_000826_5.jpg,7,6,10,0,10,5,4,16,6,2,3,4,6,14,4,8,10,7,2,7,3,2,19,4,1,44,8,1,4,2,58,1,3,3,10,11,1,4,5,4,6,10,2,0,2,15,4,15,2,7,2,3,2,11,10,19,4,4,8,4,16,3,3,2,4,3,5,12,20,6,1,0,8,20,1,4,3,7,4,4,19,0,5,7,1,9,4,35,20,1,1,7,6,4,6,3,0,5,13,3
F:\final\feature\gallery\450_c2s2_000826_3.jpg,9,8,15,11,9,21,9,16,35,7,10,9,25,59,10,15,20,26,12,14,8,7,59,3,7,58,27,8,32,15,67,4,16,28,20,16,6,8,51,11,15,24,19,9,14,14,24,26,1,10,6,13,13,11,27,30,7,9,12,18,17,7,24,6,8,15,17,29,29,17,21,9,37,20,5,4,8,35,21,12,25,11,30,16,13,11,13,149,20,196,7,20,6,8,6,10,12,12,11,22
F:\final\feature\gallery\451_c2s2_000826_10.jpg,8,11,18,10,7,24,7,11,39,9,8,8,21,10,15,16,16,13,7,9,7,5,42,8,7,18,8,12,4,23,91,18,9,42,17,80,19,6,152,12,8,9,6,8,14,22,18,8,8,14,3,43,15,21,19,36,9,18,6,4,14,4,46,5,5,12,23,35,16,23,32,14,37,20,9,9,5,87,8,7,19,2,56,12,11,13,7,53,21,79,5,25,9,12,31,9,8,19,16,18
F:\final\feature\gallery\452_c2s2_000826_21.jpg,2,2,1,2,0,0,2,11,0,3,0,4,0,10,0,5,6,9,2,8,0,2,17,2,0,9,8,0,1,2,40,2,1,1,12,0,1,1,1,3,3,3,0,1,0,13,2,5,0,4,0,1,1,0,8,6,2,0,7,0,5,1,0,1,4,3,4,2,13,1,0,0,1,0,3,3,1,1,2,4,6,0,0,2,1,1,1,5,11,2,2,0,4,5,1,1,0,1,2,1
F:\final\feature\gallery\453_c2s2_000826_15.jpg,6,10,4,14,12,22,4,14,7,6,1,2,12,5,12,12,13,12,9,10,0,5,24,5,10,30,16,5,14,7,82,5,6,24,11,35,10,11,43,9,1,8,21,7,8,15,14,13,10,4,6,18,17,5,8,13,6,1,14,8,13,3,22,6,7,5,11,9,13,0,25,18,30,5,8,6,6,40,7,4,13,5,35,4,11,10,10,66,19,25,7,7,13,10,8,9,8,1,8,11
F:\final\feature\gallery\454_c2s2_000826_25.jpg,3,6,9,5,15,4,4,15,15,7,3,9,6,17,5,11,11,6,5,9,12,3,22,4,5,33,21,2,12,1,77,2,6,5,16,8,6,2,12,6,11,4,19,5,3,14,15,13,3,4,5,5,4,12,29,43,3,14,5,4,25,8,8,4,9,5,10,21,26,3,8,3,12,12,3,3,10,22,8,9,30,3,12,15,7,4,9,86,14,6,2,5,8,12,4,1,5,13,10,16
F:\final\feature\gallery\455_c2s2_000826_18.jpg,3,1,6,15,12,3,1,14,14,1,6,5,8,36,7,20,16,17,10,6,5,3,35,12,0,36,18,7,9,10,70,3,3,3,23,13,1,2,2,1,6,5,1,10,5,20,6,15,5,8,3,4,3,5,16,44,4,5,9,9,18,3,2,2,5,3,8,12,23,2,0,2,21,18,2,2,3,11,9,5,30,2,20,3,6,12,4,29,19,2,5,17,4,13,9,8,3,4,7,6
F:\final\feature\gallery\4_c2s2_000826_10.jpg,18,5,8,27,10,14,10,18,32,12,16,9,25,62,6,19,15,31,18,16,19,13,30,22,8,74,42,13,14,24,75,7,19,5,14,18,14,10,28,11,14,11,8,9,34,20,15,21,21,8,13,11,6,10,23,25,22,19,5,15,18,16,4,13,12,11,5,18,17,44,16,15,22,32,16,7,18,16,15,8,16,8,27,15,9,10,48,28,47,8,18,26,33,19,6,17,8,16,19,23
F:\final\feature\gallery\5_c2s2_000826_9.jpg,156,67,101,184,105,148,77,98,113,104,88,97,133,270,108,198,155,130,218,104,101,210,77,284,32,266,220,214,162,230,187,123,106,68,111,120,105,95,197,178,85,137,53,134,198,98,147,175,249,85,184,201,112,107,225,36,267,133,78,94,161,95,67,155,130,89,74,126,133,113,175,128,153,61,202,107,208,136,81,122,150,206,146,83,145,157,265,147,291,103,134,128,299,185,96,208,106,99,64,192
F:\final\feature\gallery\6_c2s2_000826_7.jpg,122,53,84,124,76,124,40,74,166,92,105,69,154,153,103,102,94,100,169,78,77,92,112,142,24,168,162,109,96,164,135,73,90,62,64,129,101,63,205,135,82,83,29,85,152,61,93,94,135,47,104,168,77,82,160,50,142,120,47,73,95,78,45,118,64,94,78,132,81,70,139,82,116,75,108,58,102,136,89,98,103,123,184,91,96,103,135,100,191,108,84,149,203,127,73,131,85,72,69,111
F:\final\feature\gallery\7_c2s2_000826_10.jpg,73,38,37,64,55,49,41,46,74,36,58,37,81,64,56,59,71,63,95,49,29,89,100,132,43,68,89,93,66,104,68,62,31,32,33,63,50,34,118,71,53,59,32,49,65,34,47,66,112,25,83,94,53,29,78,35,85,40,35,39,52,22,39,63,56,42,54,62,47,66,67,71,64,48,88,57,88,61,40,44,60,82,83,48,59,59,117,78,117,53,61,53,136,73,45,111,57,29,43,76
F:\final\feature\gallery\8_c2s2_000826_10.jpg,50,72,97,73,95,145,24,99,138,87,94,76,95,71,52,123,61,61,53,85,103,96,114,60,80,36,68,99,115,95,66,88,60,57,52,73,47,104,82,50,81,80,87,83,75,87,152,58,60,87,39,94,86,85,74,40,89,97,98,98,45,99,71,68,102,96,109,145,74,68,86,87,107,76,81,70,109,91,112,71,65,78,87,115,114,79,60,189,49,42,40,147,66,89,107,86,69,103,92,126
F:\final\feature\gallery\9_c2s2_000826_7.jpg,209,133,127,189,152,165,87,90,196,140,130,118,210,146,136,168,166,114,220,119,113,199,138,234,84,138,207,242,185,248,102,207,120,133,128,147,159,136,199,235,100,181,99,167,200,87,183,177,271,112,222,241,167,105,216,52,204,119,115,98,128,80,148,187,159,131,126,171,182,74,165,160,173,95,239,137,199,199,103,165,141,187,174,105,144,170,222,180,232,197,163,157,267,145,134,238,183,119,99,203
